OverlapAssets,Similarity,OverlapCount,Return_Traditional,Sharpe_Traditional,Return_Factor,Sharpe_Factor,SimID,FactorSimID,Avg_Return,Avg_Sharpe,Sharpe_Diff,Return_Diff,Num_Traditional_Portfolios,Num_Factor_Portfolios
"FLPSX,MACSX,TGINX,VGENX",0.8,4.0,0.1342029850176406,0.9752430106295517,0.1474303703536931,1.1104124310139518,[517],[4646],0.14081667768566686,1.0428277208217518,0.13516942038440016,0.0132273853360525,1,1
"MACSX,TGINX,YACKX",0.6,3.0,0.12712235288474005,1.0009079387369242,0.1185162263038584,1.0674075531590637,"[2001, 2023]",[2884],0.12281928959429922,1.034157745947994,0.06649961442213947,0.008606126580881654,2,1
"TGINX,VBIRX,VTSAX",0.6,3.0,0.0977949517459002,1.1823790705947366,0.068018895540143,0.8725568949533602,[3874],[970],0.0829069236430216,1.0274679827740485,0.3098221756413764,0.029776056205757198,1,1
"VBIRX,VTSAX,YACKX",0.6,3.0,0.0977949517459002,1.1823790705947366,0.1166668878242846,0.8018790417011428,[3874],[684],0.10723091978509239,0.9921290561479397,0.3805000288935938,0.018871936078384402,1,1
"FLPSX,IVV,JUEAX,TGINX,YACKX",0.8333333333333334,5.0,0.1371383241549636,1.0103299069349416,0.1383822215971894,0.9505781939360248,[693],[64],0.1377602728760765,0.9804540504354833,0.059751712998916795,0.0012438974422258053,1,1
"FEMKX,MACSX,TGINX,YACKX",0.6666666666666666,4.0,0.1218818539314162,1.0555462648192917,0.1118874810338018,0.8900305367731616,[2023],[1250],0.116884667482609,0.9727884007962266,0.16551572804613013,0.0099943728976144,1,1
"FLPSX,MACSX,VBIRX,VTI",0.6666666666666666,4.0,0.1009133000702887,1.0103094667613008,0.10600998648182,0.90163646500884,[1777],[491],0.10346164327605435,0.9559729658850704,0.10867300175246086,0.005096686411531298,1,1
"FLPSX,IVV,JUEAX,YACKX",0.6666666666666666,4.0,0.1371383241549636,1.0103299069349416,0.1595116836257706,0.8991558731818678,[693],[1646],0.1483250038903671,0.9547428900584047,0.11117403375307378,0.022373359470806986,1,1
"EWU,VBIRX,YACKX",0.6,3.0,0.1169642413337955,1.1037544247522133,0.1166668878242846,0.8018790417011428,[360],[684],0.11681556457904005,0.952816733226678,0.30187538305107053,0.0002973535095109059,1,1
"MACSX,VTI,YACKX",0.6,3.0,0.1323628518380639,0.9462696126545568,0.13765568055644434,0.9063868042701971,[2001],"[2049, 1996, 513]",0.13500926619725412,0.926328208462377,0.03988280838435965,0.005292828718380438,1,3
"IJT,TGINX,YACKX",0.6,3.0,0.13832036799519803,0.9153741878312711,0.133565301979634,0.9364175675443503,"[1931, 4822]",[2229],0.13594283498741602,0.9258958776878108,0.021043379713079235,0.0047550660155640245,2,1
"IJT,MACSX,SLYV,YACKX",0.6666666666666666,4.0,0.1444170743544871,0.8844040902691948,0.1509989289821224,0.9614420431933012,[309],[1611],0.14770800166830475,0.922923066731248,0.07703795292410642,0.006581854627635275,1,1
"FEMKX,QQQ,VBIRX,YACKX",0.6666666666666666,4.0,0.131461309195819,0.8334397858644369,0.1297578777759042,0.9960944418913992,[3982],[150],0.1306095934858616,0.9147671138779181,0.16265465602696227,0.0017034314199148026,1,1
"FEMKX,MACSX,SPY,TGINX,VFIAX,YACKX",0.75,6.0,0.1087549556145695,0.9325211376633594,0.1118874810338018,0.8900305367731616,[4711],[1250],0.11032121832418565,0.9112758372182606,0.04249060089019785,0.0031325254192322988,1,1
"FEMKX,FLPSX,SWSSX",0.6,3.0,0.108505311051804,1.0393734536665638,0.1248183202047663,0.7770828731627355,[682],[2875],0.11666181562828515,0.9082281634146496,0.26229058050382825,0.0163130091529623,1,1
"EWU,EWW,FLPSX,MACSX,TGINX,VBIRX",0.6,6.0,0.1160804807793739,0.9375866666244288,0.1190153804003962,0.8751611429408024,[4978],[1509],0.11754793058988505,0.9063739047826156,0.062425523683626416,0.0029348996210223077,1,1
"FEMKX,IVV,MACSX,SPY,TGINX,YACKX",0.6666666666666666,6.0,0.1087549556145695,0.9325211376633594,0.1155073483060973,0.8796116858058218,[4711],[630],0.11213115196033341,0.9060664117345907,0.05290945185753759,0.006752392691527789,1,1
"IVV,JUEAX,YACKX",0.6,3.0,0.1529944092837451,0.8657262906832737,0.1718544729364525,0.940774286092225,"[2954, 237]",[4302],0.1624244411100988,0.9032502883877493,0.07504799540895135,0.0188600636527074,2,1
"FLPSX,VGENX,YACKX",0.6,3.0,0.1669176930608472,0.8648031699764162,0.1653991347976083,0.9405081268024528,[667],[2557],0.16615841392922776,0.9026556483894345,0.07570495682603662,0.001518558263238906,1,1
"FLPSX,IWM,MACSX,SPY,YACKX",0.625,5.0,0.1617123790699811,1.0529010019403964,0.1155889390244086,0.7438065724642555,[4612],[1077],0.13865065904719484,0.898353787202326,0.30909442947614085,0.04612344004557249,1,1
"EWW,FLPSX,MACSX,TGINX,VFIAX",0.625,5.0,0.1186642470172711,0.8046932959531757,0.1219336632000504,0.9861226900969856,[2167],[1742],0.12029895510866076,0.8954079930250807,0.18142939414380987,0.003269416182779303,1,1
"IVV,SWSSX,YACKX",0.6,3.0,0.15771519374669152,0.842889735864431,0.1718544729364525,0.940774286092225,"[3228, 1918]",[4302],0.164784833341572,0.891832010978328,0.09788455022779408,0.01413927918976099,2,1
"FEMKX,FLPSX,TGINX",0.6,3.0,0.11933321005986025,0.9581969114871152,0.1147806434174091,0.8242007109584748,"[682, 4762]",[3879],0.11705692673863467,0.891198811222795,0.13399620052864036,0.004552566642451156,2,1
"MACSX,VVIAX,YACKX",0.6,3.0,0.13744793985750195,0.8801342119060537,0.14485020060937248,0.8958608279743239,"[3354, 1123]","[513, 1051]",0.1411490702334372,0.8879975199401888,0.015726616068270194,0.007402260751870532,2,2
"IJS,QQQ,YACKX",0.6,3.0,0.1589591941203814,0.8376276706068158,0.1699454199436935,0.9380549448518408,[1760],[3372],0.16445230703203745,0.8878413077293283,0.10042727424502507,0.010986225823312101,1,1
"SWSSX,VBIRX,VVIAX",0.6,3.0,0.0752680015521468,0.8830302102645731,0.1415574644910566,0.8902127324756486,[2878],[1194],0.1084127330216017,0.8866214713701108,0.007182522211075515,0.0662894629389098,1,1
"FEMKX,MACSX,VTSAX,YACKX",0.6666666666666666,4.0,0.11668424083808096,0.9439111468825209,0.1473486528881103,0.8228115016752634,"[4561, 353]",[882],0.13201644686309563,0.8833613242788921,0.12109964520725747,0.030664412050029344,2,1
"JUEAX,MACSX,VTSAX,YACKX",0.6666666666666666,4.0,0.1581930442084592,0.8735104367232434,0.1462445111077317,0.8845872285564449,[362],[3617],0.15221877765809544,0.8790488326398441,0.011076791833201538,0.011948533100727493,1,1
"FEMKX,QQQ,YACKX",0.6,3.0,0.1394972142627911,0.7604342940445729,0.1297578777759042,0.9960944418913992,[48],[150],0.13462754601934765,0.878264367967986,0.23566014784682632,0.009739336486886907,1,1
"FEMKX,FLPSX,IVV,MACSX,SWSSX,TGINX,YACKX",0.6363636363636364,7.0,0.1309714092344702,0.8291592459205399,0.13712616457853,0.9188178556715088,[621],[1446],0.1340487869065001,0.8739885507960243,0.08965860975096884,0.006154755344059792,1,1
"FLPSX,MACSX,MDY,VFIAX",0.6666666666666666,4.0,0.1498329530584609,0.8683871014821101,0.148513718307384,0.8700036475733185,[958],[4128],0.14917333568292246,0.8691953745277143,0.0016165460912084262,0.0013192347510768976,1,1
"EWU,FLPSX,MACSX,SWSSX,VBIRX,VGSLX,YACKX",0.7,7.0,0.1136948500853522,0.8617832249322043,0.1190153804003962,0.8751611429408024,[4554],[1509],0.1163551152428742,0.8684721839365033,0.01337791800859811,0.005320530315044009,1,1
"SLYV,VFIAX,VTRIX,YACKX",0.6666666666666666,4.0,0.1372770345706989,0.8184354143747711,0.124966974378557,0.9182938698397748,[2997],[398],0.13112200447462796,0.8683646421072729,0.09985845546500371,0.012310060192141897,1,1
"EWG,TGINX,VBIRX,VTI,YACKX",0.625,5.0,0.1136411902842426,0.8342546962042204,0.105466952450561,0.8998021022915647,[2133],[1869],0.1095540713674018,0.8670283992478925,0.06554740608734422,0.00817423783368161,1,1
"FLPSX,IJT,JUEAX,MDY,VBIRX,VGENX,YACKX",0.6363636363636364,7.0,0.1355219973740097,0.8748397506973857,0.1256363156971317,0.8560979730040971,[2386],[2736],0.1305791565355707,0.8654688618507413,0.018741777693288664,0.009885681676877978,1,1
"VGENX,VTSAX,YACKX",0.6,3.0,0.15379382141064085,0.7895826943950517,0.1653991347976083,0.9405081268024528,"[3983, 4975]",[2557],0.15959647810412458,0.8650454105987522,0.15092543240740108,0.011605313386967436,2,1
"FLPSX,SWSSX,VBIRX",0.6,3.0,0.1483504653175378,0.8863784579084825,0.13318789234791145,0.833647802819192,[2702],"[1194, 2875]",0.1407691788327246,0.8600131303638372,0.052730655089290424,0.015162572969626337,1,2
"EWW,FLPSX,MACSX,TGINX,VBIRX",0.625,5.0,0.1160804807793739,0.9375866666244288,0.12002695153496,0.7682758992611034,[4978],[4206],0.11805371615716695,0.8529312829427661,0.1693107673633254,0.003946470755586101,1,1
"FLPSX,SPY,SWPPX,VTI,YACKX",0.625,5.0,0.1408726654913862,0.7626914280024055,0.1135857128947584,0.9408707269928108,[1502],[1146],0.1272291891930723,0.8517810774976082,0.1781792989904053,0.027286952596627792,1,1
"FLPSX,MACSX,SPY",0.6,3.0,0.1375498870909032,0.8642006598757439,0.1214725483241813,0.8379101082801643,"[2196, 1141]",[345],0.12951121770754226,0.8510553840779541,0.02629055159557958,0.016077338766721905,2,1
"EWU,FLPSX,JUEAX,SLYV,TGINX,VBIRX",0.6,6.0,0.1020551358271463,0.8050806380593809,0.1113696044061212,0.8945461351107243,[2613],[3304],0.10671237011663376,0.8498133865850526,0.08946549705134343,0.009314468578974902,1,1
"SPY,VBIRX,YACKX",0.6,3.0,0.1439174316155239,0.8602867088305749,0.1347079773096096,0.8387487957791572,[3145],[3396],0.13931270446256674,0.849517752304866,0.021537913051417723,0.0092094543059143,1,1
"QQQ,VBIRX,YACKX",0.6,3.0,0.1424526699584932,0.8537929084644936,0.10852643226134574,0.8428762490119217,"[3657, 597, 1742]","[2019, 150]",0.12548955110991947,0.8483345787382077,0.01091665945257192,0.03392623769714746,3,2
"FLPSX,QQQ,VBIRX,VFIAX,VVIAX",0.625,5.0,0.1126192993658738,0.8633480690509633,0.1405685775819779,0.8330398804129109,[1882],[3730],0.12659393847392586,0.8481939747319371,0.030308188638052402,0.027949278216104115,1,1
"MACSX,MDY,TGINX,VBIRX,VVIAX,YACKX",0.6666666666666666,6.0,0.1107254910906119,0.8346572270417962,0.0988159414763144,0.8579974447995945,[1672],[668],0.10477071628346316,0.8463273359206953,0.023340217757798265,0.011909549614297507,1,1
"FLPSX,IJT,IVV,JUEAX,MACSX,QQQ,VBIRX,VGENX",0.6666666666666666,8.0,0.1335410002975992,0.8029736207829109,0.1235472648056882,0.889477396340953,[4440],[3278],0.1285441325516437,0.8462255085619319,0.08650377555804212,0.009993735491910988,1,1
"MACSX,SPY,VFIAX",0.6,3.0,0.1304265051826729,0.852942104409173,0.1214725483241813,0.8379101082801643,[1955],[345],0.1259495267534271,0.8454261063446686,0.015031996129008629,0.008953956858491596,1,1
"FLPSX,SWSSX,VBIRX,VFIAX",0.6666666666666666,4.0,0.1483504653175378,0.8863784579084825,0.1160846373234053,0.7971047702481701,[2702],[1333],0.13221755132047153,0.8417416140783263,0.0892736876603124,0.032265827994132495,1,1
"EWG,FLPSX,IJT,VBIRX,VGENX,YACKX",0.6,6.0,0.1355219973740097,0.8748397506973857,0.1387834389460168,0.8039488373723976,[2386],[3542],0.13715271816001323,0.8393942940348917,0.07089091332498809,0.003261441572007112,1,1
"IVV,MACSX,SPY,TGINX,VFIAX,YACKX",0.6,6.0,0.1087549556145695,0.9325211376633594,0.1155889390244086,0.7438065724642555,[4711],[1077],0.11217194731948905,0.8381638550638075,0.1887145651991039,0.006833983409839095,1,1
"FEMKX,MACSX,SPY,TGINX,VBIRX,VFIAX,YACKX",0.6363636363636364,7.0,0.1087549556145695,0.9325211376633594,0.1033330342629189,0.7421940238914074,[4711],[3655],0.1060439949387442,0.8373575807773834,0.190327113771952,0.005421921351650608,1,1
"FLPSX,IJT,JUEAX,MACSX,QQQ,VGENX,YACKX",0.6363636363636364,7.0,0.1335410002975992,0.8029736207829109,0.1529420921224098,0.8681886004417126,[4440],[3103],0.1432415462100045,0.8355811106123118,0.06521497965880174,0.019401091824810618,1,1
"JUEAX,SLYV,TGINX,VBIRX,VVIAX,YACKX",0.6666666666666666,6.0,0.0775521286863856,0.8117134770805571,0.0988159414763144,0.8579974447995945,[3766],[668],0.08818403508135,0.8348554609400758,0.04628396771903742,0.021263812789928796,1,1
"FLPSX,VGENX,VTRIX",0.6,3.0,0.1669176930608472,0.8648031699764162,0.151733416869871,0.8033272658917604,[667],[4461],0.1593255549653591,0.8340652179340883,0.06147590408465575,0.015184276190976204,1,1
"FLPSX,MACSX,QQQ,SLYV,VBIRX,YACKX",0.6333333333333333,6.0,0.1219044411644133,0.7959475591287328,0.1150490615649592,0.8700897283878499,"[1284, 2710]",[965],0.11847675136468624,0.8330186437582914,0.0741421692591171,0.006855379599454106,2,1
"EWU,EWW,FLPSX,TGINX,VBIRX",0.7142857142857143,5.0,0.1160804807793739,0.9375866666244288,0.110251283888182,0.7277578066304212,[4978],[1993],0.11316588233377795,0.8326722366274251,0.20982885999400758,0.005829196891191893,1,1
"JUEAX,MACSX,VFIAX,VTSAX,YACKX",0.7142857142857143,5.0,0.1343209881978981,0.7788220490571088,0.1462445111077317,0.8845872285564449,[3977],[3617],0.1402827496528149,0.8317046388067768,0.10576517949933606,0.011923522909833617,1,1
"FLPSX,SPY,TGINX,VGENX,VTSAX",0.625,5.0,0.1341921221623313,0.8407864062221082,0.1345868135886009,0.8219410082455232,[4861],[3087],0.1343894678754661,0.8313637072338157,0.01884539797658502,0.00039469142626957776,1,1
"EWU,FLPSX,SLYV,TGINX,VBIRX,YACKX",0.6,6.0,0.0956645997574222,0.7662445079025586,0.1113696044061212,0.8945461351107243,[2164],[3304],0.1035171020817717,0.8303953215066415,0.12830162720816574,0.015705004648699006,1,1
"FLPSX,VGENX,VVIAX,YACKX",0.6666666666666666,4.0,0.1530583993760395,0.8470014920637119,0.1549440385344603,0.812076522878622,[1637],[1327],0.15400121895524987,0.8295390074711669,0.034924969185089916,0.0018856391584207988,1,1
"IVV,MACSX,VVIAX,YACKX",0.6666666666666666,4.0,0.1223314551005897,0.7479088138622568,0.1563095485142867,0.9074006287434464,[1332],[1051],0.13932050180743819,0.8276547213028516,0.15949181488118958,0.033978093413696994,1,1
"FLPSX,MACSX,VFIAX",0.6,3.0,0.1281829693251943,0.8011181361798668,0.13499313331578267,0.8539568779267415,[4696],"[4128, 345]",0.13158805132048848,0.8275375070533042,0.05283874174687464,0.006810163990588369,1,2
"FEMKX,MACSX,QQQ,SLYV,VGENX,YACKX",0.6,6.0,0.1374219355328715,0.7834711471338687,0.1511639289240815,0.8712178274420753,[4151],[3997],0.1442929322284765,0.827344487287972,0.08774668030820665,0.013741993391210017,1,1
"EWU,FEMKX,JUEAX,VBIRX,YACKX",0.625,5.0,0.1243104165815113,0.8027330478142254,0.146145028695356,0.8518785422826103,[4661],[639],0.13522772263843366,0.8273057950484178,0.0491454944683849,0.0218346121138447,1,1
"IWM,MDY,TGINX",0.6,3.0,0.1178649476209962,0.8391710208425357,0.0978690118555765,0.8143922807580299,[1103],[4982],0.10786697973828635,0.8267816508002828,0.024778740084505757,0.019995935765419692,1,1
"FLPSX,IJT,JUEAX,SWPPX,VBIRX,VFIAX,YACKX",0.6363636363636364,7.0,0.1320262020697908,0.8289631036111211,0.1163533389587967,0.8236677300694386,[4569],[875],0.12418977051429375,0.8263154168402799,0.005295373541682524,0.015672863110994098,1,1
"FEMKX,IVV,MACSX,SPY,TGINX,VBIRX,VFIAX,YACKX",0.6666666666666666,8.0,0.1087549556145695,0.9325211376633594,0.1059391219096095,0.7173322686145354,[4711],[1691],0.10734703876208951,0.8249267031389473,0.21518886904882406,0.0028158337049600107,1,1
"IVV,MDY,VBIRX,VGENX,VGSLX,VTRIX",0.6,6.0,0.1121454338154611,0.7935712721893832,0.093233685804062,0.8552349013476375,[1617],[1860],0.10268955980976155,0.8244030867685104,0.061663629158254296,0.01891174801139911,1,1
"JUEAX,MACSX,SWPPX,VBIRX,VGSLX,YACKX",0.6,6.0,0.1306513834139459,0.7828972804345775,0.1322998053384053,0.8656933313788671,[4599],[4136],0.1314755943761756,0.8242953059067223,0.08279605094428955,0.001648421924459409,1,1
"EWW,MASKX,SWPPX,TGINX,YACKX",0.625,5.0,0.1313779087307768,0.7939595360793246,0.1381270353452865,0.8514318119929621,[4645],[2271],0.13475247203803165,0.8226956740361433,0.05747227591363757,0.006749126614509715,1,1
"FLPSX,IJS,IJT,JUEAX,VBIRX,YACKX",0.6,6.0,0.1438463318636784,0.8211061382027346,0.1232630830448227,0.8241460212335173,[56],[4956],0.13355470745425055,0.822626079718126,0.0030398830307827307,0.020583248818855704,1,1
"JUEAX,SLYV,YACKX",0.6,3.0,0.1508278319583405,0.8269962467908403,0.1541953173861322,0.8179107509354842,[237],[1222],0.15251157467223636,0.8224534988631622,0.009085495855356118,0.0033674854277916944,1,1
"FLPSX,SWSSX,VVIAX",0.6,3.0,0.1506682686902417,0.7534838396802594,0.1415574644910566,0.8902127324756486,[943],[1194],0.14611286659064915,0.821848286077954,0.13672889279538913,0.009110804199185085,1,1
"FEMKX,FLPSX,IWM,MACSX,QQQ,VBIRX,VTSAX,YACKX",0.6153846153846154,8.0,0.1241250760106451,0.7924626936136736,0.1450276706436453,0.8509802507436693,[3349],[1964],0.1345763733271452,0.8217214721786714,0.058517557129995734,0.020902594633000204,1,1
"IVV,SPY,YACKX",0.6,3.0,0.1439174316155239,0.8602867088305749,0.1347891702579131,0.7785439461427681,[3145],[3875],0.1393533009367185,0.8194153274866716,0.08174276268780678,0.0091282613576108,1,1
"EWW,FLPSX,IVV,TGINX,VTSAX,YACKX",0.6,6.0,0.1365514239158211,0.7810934735470004,0.1238371986547871,0.8561479986749135,[2289],[4036],0.1301943112853041,0.818620736110957,0.07505452512791311,0.012714225261033996,1,1
"FEMKX,FLPSX,JUEAX,VVIAX,YACKX",0.625,5.0,0.1499336124866592,0.8047403531473166,0.1474285796168698,0.8284212780741267,[3191],[4000],0.1486810960517645,0.8165808156107217,0.023680924926810065,0.0025050328697893975,1,1
"SWPPX,VTRIX,YACKX",0.6,3.0,0.1384341428718789,0.80149502361495,0.1230945955918543,0.8305010403071702,[1643],[4192],0.1307643692318666,0.81599803196106,0.02900601669222025,0.01533954728002461,1,1
"VGENX,VTI,YACKX",0.6,3.0,0.1506584837397164,0.7961809551889286,0.1480316119820809,0.8348715931868188,[886],[1985],0.14934504786089864,0.8155262741878737,0.03869063799789019,0.0026268717576355127,1,1
"FLPSX,SWPPX,YACKX",0.6,3.0,0.1380288268587896,0.7590413900928763,0.1513121377994879,0.870370537812844,[4939],[646],0.14467048232913876,0.8147059639528602,0.11132914771996771,0.013283310940698317,1,1
"FEMKX,FLPSX,MACSX,QQQ,SLYV,SWSSX,VGENX,YACKX",0.6153846153846154,8.0,0.1389972747553406,0.7577021528994919,0.1511639289240815,0.8712178274420753,[2459],[3997],0.14508060183971105,0.8144599901707836,0.11351567454258338,0.012166654168740909,1,1
"MACSX,QQQ,SLYV,VGENX,YACKX",0.625,5.0,0.139399463881171,0.7573056782327179,0.1150490615649592,0.8700897283878499,[4171],[965],0.12722426272306508,0.8136977033102839,0.11278405015513204,0.0243504023162118,1,1
"FEMKX,FLPSX,QQQ,SWPPX",0.6666666666666666,4.0,0.1498329495850932,0.8252234176532426,0.1455116887977287,0.8020359841880808,[3063],[301],0.14767231919141094,0.8136297009206617,0.023187433465161833,0.0043212607873645,1,1
"IWM,MACSX,SWPPX,VBIRX,VGENX",0.625,5.0,0.0852774650803162,0.8858787548836478,0.1039326505445327,0.7407610140858871,[4863],[1673],0.09460505781242445,0.8133198844847674,0.14511774079776063,0.018655185464216503,1,1
"EWW,FLPSX,IVV,VTSAX,YACKX",0.625,5.0,0.1404066683275551,0.7697124588474376,0.1238371986547871,0.8561479986749135,[1609],[4036],0.1321219334911711,0.8129302287611755,0.08643553982747598,0.01656946967276801,1,1
"FLPSX,IWM,MACSX,SLYV,TGINX,YACKX",0.6666666666666666,6.0,0.1166201532458943,0.7533167863162633,0.1326241454681456,0.8708748490850945,[4010],[1113],0.12462214935701996,0.812095817700679,0.11755806276883118,0.01600399222225131,1,1
"FLPSX,MACSX,SPY,TGINX,VGENX,VTI,VTRIX,VTSAX",0.6666666666666666,8.0,0.1342312297182798,0.8071819407837858,0.1271389105973103,0.816450736544412,[1082],[4626],0.13068507015779507,0.8118163386640989,0.009268795760626225,0.007092319120969498,1,1
"FLPSX,IJT,JUEAX,MACSX,SPY,VBIRX,VGENX",0.6363636363636364,7.0,0.1389364150654203,0.8094076121148197,0.1092121631683274,0.8136195196722212,[2888],[1571],0.12407428911687385,0.8115135658935204,0.0042119075574015286,0.029724251897092893,1,1
"EWW,FEMKX,MACSX,VTSAX,YACKX",0.7142857142857143,5.0,0.1387288537304674,0.7997926978619445,0.1473486528881103,0.8228115016752634,[3643],[882],0.14303875330928884,0.811302099768604,0.02301880381331889,0.00861979915764291,1,1
"MACSX,VGENX,VVIAX",0.6,3.0,0.1378182003674896,0.8302889413645925,0.1268927187098777,0.7915555573774411,[1123],[2311],0.13235545953868366,0.8109222493710169,0.038733383987151426,0.010925481657611896,1,1
"FEMKX,MASKX,MDY,QQQ,VBIRX,VGSLX,VVIAX,YACKX",0.6666666666666666,8.0,0.127764314896167,0.8279160218463882,0.1347722683322257,0.7929447493028404,[1758],[3317],0.13126829161419634,0.8104303855746143,0.034971272543547816,0.0070079534360587,1,1
"MDY,TGINX,VGSLX,VTRIX,YACKX",0.625,5.0,0.1269450240314701,0.8093097141077096,0.1371086646414422,0.8112074394038501,[3013],[1320],0.13202684433645615,0.8102585767557798,0.0018977252961405178,0.010163640609972102,1,1
"MACSX,SWPPX,SWSSX",0.6,3.0,0.128061939785601,0.774720385472047,0.1278576857210593,0.8447742411677173,[274],[1325],0.12795981275333013,0.8097473133198821,0.07005385569567024,0.00020425406454169237,1,1
"FLPSX,JUEAX,MDY",0.6,3.0,0.14643348692884411,0.7577019850604196,0.1637942949743789,0.8612314021300967,"[3044, 4463]",[4284],0.1551138909516115,0.8094666935952581,0.10352941706967711,0.017360808045534776,2,1
"MACSX,QQQ,VBIRX",0.6,3.0,0.1104199985023798,0.8189828395606369,0.0923669207479846,0.7998910370476923,[1101],[2505],0.1013934596251822,0.8094369383041646,0.019091802512944622,0.0180530777543952,1,1
"FLPSX,MDY,TGINX",0.6,3.0,0.13162093894808005,0.7940039412047253,0.1147806434174091,0.8242007109584748,"[3044, 1103]",[3879],0.12320079118274457,0.8091023260816,0.03019676975374952,0.016840295530670957,2,1
"EWU,VBIRX,VTSAX,YACKX",0.6666666666666666,4.0,0.1315591979036202,0.8143082860017413,0.1166668878242846,0.8018790417011428,[3820],[684],0.12411304286395239,0.808093663851442,0.012429244300598552,0.0148923100793356,1,1
"JUEAX,MACSX,SPY,VFIAX",0.8,4.0,0.1304265051826729,0.852942104409173,0.1238278784023257,0.7631075618121883,[1955],[670],0.12712719179249932,0.8080248331106806,0.08983454259698465,0.0065986267803472,1,1
"EWU,JUEAX,MDY,VBIRX,YACKX",0.625,5.0,0.1330064629101534,0.7641106529267849,0.146145028695356,0.8518785422826103,[173],[639],0.1395757458027547,0.8079945976046976,0.08776788935582536,0.013138565785202616,1,1
"MACSX,MDY,SWSSX,YACKX",0.8,4.0,0.1397196786551604,0.8121093195772985,0.1366330554627219,0.8027425396488733,[2928],[4836],0.13817636705894115,0.8074259296130859,0.009366779928425162,0.00308662319243852,1,1
"EWW,FEMKX,FLPSX,IVV,IWM,SPY,VBIRX,YACKX",0.6153846153846154,8.0,0.1250344917063396,0.8502375441985688,0.1228024586293696,0.763814313982043,[4622],[766],0.12391847516785459,0.8070259290903059,0.08642323021652576,0.002232033076969994,1,1
"IJS,QQQ,TGINX,VTSAX,YACKX",0.7142857142857143,5.0,0.1457670207396614,0.8549592557090441,0.1239769138874694,0.7579149977307087,[619],[2668],0.1348719673135654,0.8064371267198764,0.09704425797833538,0.021790106852192015,1,1
"EWW,FLPSX,QQQ,VGSLX,VTSAX,YACKX",0.6,6.0,0.1404066683275551,0.7697124588474376,0.1514804195695312,0.8418158313432827,[1609],[3653],0.14594354394854314,0.8057641450953601,0.0721033724958452,0.011073751241976099,1,1
"EWU,FEMKX,MACSX,SPY,TGINX,VBIRX,VTRIX,VTSAX,YACKX",0.6,9.0,0.0977967589679709,0.8098907337289751,0.1101759419845689,0.801422636470877,[6],[302],0.10398635047626989,0.805656685099926,0.008468097258098162,0.012379183016598003,1,1
"EFA,FLPSX,JUEAX,MACSX,SWPPX,VBIRX",0.6,6.0,0.1193717589776662,0.8243009618996435,0.1285167701119789,0.7866870665354398,[3126],[2115],0.12394426454482255,0.8054940142175417,0.037613895364203676,0.009145011134312694,1,1
"JUEAX,VVIAX,YACKX",0.6,3.0,0.117825821704826,0.8088757226208243,0.1450494309474507,0.8017821456319325,[662],[1271],0.13143762632613837,0.8053289341263784,0.007093576988891792,0.027223609242624708,1,1
"EWG,JUEAX,VFIAX,YACKX",0.6666666666666666,4.0,0.144140345979757,0.7628965646486335,0.1097591693907866,0.8474792669773752,[3844],[3308],0.1269497576852718,0.8051879158130044,0.08458270232874165,0.0343811765889704,1,1
"FLPSX,IJS,IJT,JUEAX,TGINX,VTSAX,YACKX",0.7,7.0,0.1275255198079354,0.786189803722248,0.1232630830448227,0.8241460212335173,[4516],[4956],0.12539430142637903,0.8051679124778827,0.03795621751126932,0.0042624367631126925,1,1
"FLPSX,IVV,VGENX,VVIAX,YACKX",0.7142857142857143,5.0,0.1491202768537305,0.7974265903713111,0.1549440385344603,0.812076522878622,[4761],[1327],0.1520321576940954,0.8047515566249666,0.014649932507310837,0.005823761680729789,1,1
"FEMKX,MACSX,MASKX,SPY,TGINX,VGENX,VTRIX,VTSAX,YACKX",0.6,9.0,0.1342312297182798,0.8071819407837858,0.1101759419845689,0.801422636470877,[1082],[302],0.12220358585142435,0.8043022886273314,0.005759304312908831,0.024055287733710906,1,1
"JUEAX,MACSX,MDY,SLYV,TGINX,VBIRX,VVIAX,YACKX",0.7272727272727273,8.0,0.1146924023474315,0.7495569107112436,0.0988159414763144,0.8579974447995945,[2367],[668],0.10675417191187295,0.803777177755419,0.10844053408835086,0.015876460871117104,1,1
"EFA,FEMKX,FLPSX,IVV,SWSSX,TGINX,VTI,YACKX",0.6666666666666666,8.0,0.134661919384236,0.751145886181122,0.1317112039897088,0.8555255257266824,[3101],[4539],0.1331865616869724,0.8033357059539021,0.1043796395455604,0.0029507153945271813,1,1
"IJS,IVV,JUEAX,MACSX,MASKX,MDY,SPY,SWPPX,VBIRX,YACKX",0.7142857142857143,10.0,0.1116110900530185,0.8125091305490008,0.1215989437240185,0.7930920213367267,[4370],[507],0.1166050168885185,0.8028005759428638,0.01941710921227402,0.009987853670999997,1,1
"EWW,FLPSX,MASKX,MDY,TGINX,VGENX,VTI,YACKX",0.6666666666666666,8.0,0.1289088381716976,0.8026111962221054,0.1371382689038466,0.8007233288125148,[493],[3146],0.1330235535377721,0.8016672625173101,0.0018878674095905712,0.00822943073214899,1,1
"FLPSX,JUEAX,MACSX,MASKX,QQQ,SWPPX,VBIRX,VTSAX,YACKX",0.6,9.0,0.1279953450694308,0.7836066737921994,0.1317435598311634,0.8175587829333849,[4983],[2914],0.1298694524502971,0.8005827283627922,0.033952109141185516,0.0037482147617325934,1,1
"FLPSX,JUEAX,VBIRX,VTRIX,YACKX",0.7142857142857143,5.0,0.1278874760690627,0.7514794493351871,0.1307952996507898,0.8492084423743822,[3753],[364],0.12934138785992624,0.8003439458547846,0.09772899303919513,0.002907823581727087,1,1
"EFA,MACSX,MDY,TGINX,VTI",0.625,5.0,0.0978663501866283,0.836263726997709,0.0980528150396721,0.7620043805779775,[205],[4462],0.0979595826131502,0.7991340537878433,0.07425934641973153,0.00018646485304379956,1,1
"EFA,IJS,YACKX",0.6,3.0,0.1348969970901705,0.7491856367174308,0.1567423582126998,0.8480792844354539,[4976],[4594],0.14581967765143516,0.7986324605764423,0.09889364771802311,0.0218453611225293,1,1
"MACSX,SWSSX,YACKX",0.6,3.0,0.1335610572150526,0.7725070508116089,0.1322453705918906,0.8237583904082952,[3219],"[4836, 1325]",0.1329032139034716,0.798132720609952,0.051251339596686374,0.0013156866231620046,1,2
"IWM,MDY,VBIRX,VGENX,VGSLX,YACKX",0.6,6.0,0.1130024406887546,0.7552391750334401,0.14964992745848,0.8404541455910503,[177],[2949],0.1313261840736173,0.7978466603122452,0.08521497055761018,0.03664748676972539,1,1
"FEMKX,IVV,TGINX",0.6,3.0,0.1301611090679165,0.8770203693076667,0.1032908120722918,0.717818425943006,[4762],[4526],0.11672596057010415,0.7974193976253363,0.15920194336466065,0.02687029699562471,1,1
"EWW,FLPSX,IJT,JUEAX,VBIRX,YACKX",0.6,6.0,0.1438463318636784,0.8211061382027346,0.11880140633257365,0.7736169101088799,[56],"[137, 747]",0.13132386909812602,0.7973615241558072,0.047489228093854696,0.025044925531104753,1,2
"EWW,FEMKX,VTSAX,YACKX",0.6666666666666666,4.0,0.1501125922591296,0.7718338018474182,0.1473486528881103,0.8228115016752634,[889],[882],0.14873062257361996,0.7973226517613408,0.05097769982784517,0.0027639393710192917,1,1
"FLPSX,IJS,IWM,JUEAX,MACSX,MASKX,VGSLX",0.6363636363636364,7.0,0.1361516454226775,0.7731199445828478,0.1449476554532688,0.8202294719595652,[4955],[1819],0.14054965043797313,0.7966747082712065,0.047109527376717364,0.0087960100305913,1,1
"FEMKX,FLPSX,MDY",0.6,3.0,0.1474900435825243,0.7665671085539244,0.1147806434174091,0.8242007109584748,[4463],[3879],0.1311353434999667,0.7953839097561997,0.0576336024045504,0.0327094001651152,1,1
"FLPSX,IJS,MACSX",0.6,3.0,0.1358658986969567,0.8378713740208553,0.1199351868804762,0.7505457015406433,[3791],[2839],0.12790054278871646,0.7942085377807493,0.08732567248021206,0.015930711816480495,1,1
"EWW,IJS,IJT,MACSX,QQQ,VFIAX,VTSAX",0.6363636363636364,7.0,0.1381656382327268,0.7876437943239633,0.1408397855735056,0.7996337335232097,[884],[1064],0.1395027119031162,0.7936387639235865,0.011989939199246402,0.0026741473407788097,1,1
"FLPSX,MASKX,MDY,VGENX,YACKX",0.625,5.0,0.1467065865631867,0.7620887682083379,0.1560206537832274,0.8251392563244364,[2069],[4635],0.15136362017320704,0.7936140122663872,0.06305048811609848,0.009314067220040717,1,1
"MACSX,QQQ,VGSLX",0.6,3.0,0.1294651182298271,0.7613443203194821,0.1432940668111014,0.8238304265530125,[573],[2309],0.13637959252046425,0.7925873734362473,0.06248610623353046,0.013828948581274314,1,1
"IWM,VBIRX,VGENX,YACKX",0.6666666666666666,4.0,0.1162104606256221,0.7743525664964322,0.1056797519257737,0.8103974112222148,[426],[1211],0.1109451062756979,0.7923749888593234,0.03604484472578251,0.010530708699848401,1,1
"FLPSX,MACSX,SPY,VFIAX",0.8,4.0,0.129497569610759,0.7452043915277162,0.1214725483241813,0.8379101082801643,[2429],[345],0.12548505896747014,0.7915572499039403,0.0927057167524481,0.0080250212865777,1,1
"FEMKX,IJT,JUEAX,MACSX,TGINX,YACKX",0.6,6.0,0.1090306364721945,0.7651032190848702,0.1174779017394841,0.8165531484093097,[1235],[1311],0.1132542691058393,0.79082818374709,0.05144992932443948,0.008447265267289589,1,1
"SPY,VTRIX,YACKX",0.6,3.0,0.1384341428718789,0.80149502361495,0.1347891702579131,0.7785439461427681,[1643],[3875],0.136611656564896,0.7900194848788591,0.022951077472181836,0.003644972613965819,1,1
"FLPSX,IJS,TGINX",0.6,3.0,0.127569722040976,0.8105705623909001,0.10726348306492334,0.7689102116300219,"[4597, 3085]","[304, 2576]",0.11741660255294967,0.789740387010461,0.04166035076087815,0.02030623897605266,2,2
"EWG,EWW,MACSX,SWPPX,VGENX,YACKX",0.6,6.0,0.1346119187588319,0.759993414702973,0.1140643485967949,0.8189656740184145,[2103],[798],0.1243381336778134,0.7894795443606937,0.05897225931544148,0.02054757016203701,1,1
"JUEAX,QQQ,SWPPX,VTRIX,VVIAX,YACKX",0.6,6.0,0.148557728149019,0.749411425512905,0.1452783106317221,0.8273680247778342,[1018],[1760],0.14691801939037055,0.7883897251453695,0.07795659926492926,0.0032794175172968787,1,1
"MACSX,SLYV,SPY,VBIRX,VFIAX,VVIAX",0.8571428571428571,6.0,0.1124436259007555,0.8147942853673241,0.0964998915022678,0.7617653118355309,[2245],[2637],0.10447175870151165,0.7882797986014275,0.053028973531793255,0.015943734398487702,1,1
"JUEAX,SLYV,VFIAX",0.6,3.0,0.1464675905065089,0.757762284852602,0.1541953173861322,0.8179107509354842,[3067],[1222],0.15033145394632055,0.7878365178940431,0.06014846608288216,0.007727726879623309,1,1
"FEMKX,FLPSX,IJT,JUEAX,MACSX,MASKX,TGINX,VTRIX,YACKX",0.6428571428571429,9.0,0.1266961788383212,0.7961167297710156,0.1305789380234083,0.7786291074700076,[1142],[3835],0.12863755843086477,0.7873729186205116,0.017487622301007977,0.003882759185087098,1,1
"EWU,FLPSX,JUEAX,SPY,TGINX,VGENX",0.6,6.0,0.1235352423793275,0.7899215075522065,0.1293221533326763,0.7844030611484558,[1675],[4520],0.12642869785600191,0.7871622843503312,0.005518446403750654,0.005786910953348795,1,1
"MACSX,MASKX,MDY,VTSAX,YACKX",0.625,5.0,0.1343209881978981,0.7788220490571088,0.1362585499206479,0.7953117793455088,[3977],[2804],0.13528976905927298,0.7870669142013088,0.01648973028839995,0.0019375617227498088,1,1
"EWW,IVV,JUEAX,MACSX,SWPPX,VBIRX,VTI",0.6363636363636364,7.0,0.1181635125190977,0.844022500746694,0.1118103093480158,0.7300905821628909,[4632],[1299],0.11498691093355674,0.7870565414547925,0.11393191858380314,0.0063532031710819,1,1
"MACSX,TGINX,VVIAX",0.6,3.0,0.1102463399565667,0.786914927367185,0.1087450334081337,0.7864497580385915,[4050],[486],0.1094956866823502,0.7866823427028883,0.0004651693285935288,0.0015013065484330013,1,1
"FLPSX,IVV,MASKX,VGENX,YACKX",0.625,5.0,0.1467065865631867,0.7620887682083379,0.1473598740613582,0.8106342370506706,[2069],[3575],0.14703323031227244,0.7863615026295043,0.048545468842332684,0.0006532874981715064,1,1
"EWU,MACSX,VFIAX",0.6,3.0,0.1281829693251943,0.8011181361798668,0.1147568510941686,0.7698275945621437,[4696],[4471],0.12146991020968145,0.7854728653710052,0.031290541617723155,0.0134261182310257,1,1
"EWU,FLPSX,QQQ,VTI,VTRIX,VVIAX",0.6666666666666666,6.0,0.1395146986589025,0.7623315519807954,0.1344287960970185,0.8085501199875763,[3764],[1416],0.1369717473779605,0.7854408359841858,0.046218568006780925,0.005085902561884015,1,1
"FLPSX,IJT,SLYV,SPY,TGINX,VTRIX,YACKX",0.6363636363636364,7.0,0.1434869515730005,0.8138499504267688,0.1205998732613205,0.7556323088773809,[2884],[2814],0.1320434124171605,0.7847411296520748,0.05821764154938791,0.022887078311680006,1,1
"EWW,IVV,JUEAX,MACSX,MASKX,SWSSX,VBIRX,VGSLX,YACKX",0.6428571428571429,9.0,0.1260884522453227,0.7768031358951639,0.1290096995012173,0.7922206611700883,[2829],[1598],0.12754907587327,0.784511898532626,0.015417525274924349,0.002921247255894599,1,1
"EWW,FLPSX,IWM,MACSX,SPY,TGINX,VFIAX",0.7777777777777778,7.0,0.1186642470172711,0.8046932959531757,0.123847917519198,0.7629531012035312,[2167],[3898],0.12125608226823456,0.7838231985783535,0.04174019474964452,0.005183670501926904,1,1
"EFA,IJS,JUEAX,MACSX,QQQ,TGINX,VBIRX,VGSLX,YACKX",0.6428571428571429,9.0,0.1168047011248134,0.7747880071816439,0.1140180825114103,0.7926920424204483,[690],[792],0.11541139181811186,0.7837400248010461,0.01790403523880446,0.0027866186134031107,1,1
"EFA,EWW,FLPSX,JUEAX,MACSX,SPY,VBIRX,VFIAX,VTRIX",0.6,9.0,0.1405722188831625,0.7870419057078397,0.1248902134879705,0.7797184698379674,[4589],[477],0.1327312161855665,0.7833801877729036,0.007323435869872275,0.01568200539519199,1,1
"FLPSX,JUEAX,MASKX,QQQ,SWPPX,SWSSX,VTSAX,VVIAX,YACKX",0.6,9.0,0.1441994239231236,0.7487535715422571,0.1317435598311634,0.8175587829333849,[3631],[2914],0.1379714918771435,0.783156177237821,0.06880521139112783,0.0124558640919602,1,1
"FEMKX,IJS,IJT,IVV,MACSX,VBIRX,VGENX,YACKX",0.6153846153846154,8.0,0.1245652532890267,0.7582905019890965,0.1406446425845383,0.8079874987351349,[4865],[175],0.1326049479367825,0.7831390003621157,0.049696996746038336,0.016079389295511587,1,1
"EWG,EWW,FLPSX,MACSX,VTSAX",0.625,5.0,0.1329792491588624,0.7975761821167784,0.12002695153496,0.7682758992611034,[2563],[4206],0.1265031003469112,0.7829260406889409,0.029300282855674986,0.01295229762390239,1,1
"EFA,FLPSX,JUEAX,TGINX,VBIRX,VGENX,VTSAX",0.7777777777777778,7.0,0.1273103817078487,0.7692289288319822,0.1040857896027735,0.7944756698526196,[3020],[445],0.11569808565531109,0.7818522993423009,0.025246741020637398,0.0232245921050752,1,1
"FEMKX,IVV,YACKX",0.6,3.0,0.1394972142627911,0.7604342940445729,0.139381060106661,0.8022229916745712,[48],[2526],0.13943913718472606,0.781328642859572,0.04178869762999837,0.00011615415613011604,1,1
"MACSX,QQQ,VTRIX",0.6,3.0,0.1294651182298271,0.7613443203194821,0.0923669207479846,0.7998910370476923,[573],[2505],0.11091601948890584,0.7806176786835872,0.038546716728210195,0.037098197481842496,1,1
"EWU,JUEAX,MDY,VBIRX,VFIAX,YACKX",0.6,6.0,0.1330064629101534,0.7641106529267849,0.1417602315578398,0.796516672197227,[173],[4411],0.1373833472339966,0.780313662562006,0.032406019270442066,0.0087537686476864,1,1
"MACSX,MDY,TGINX,VBIRX,VFIAX,VVIAX,YACKX",0.7,7.0,0.1107254910906119,0.8346572270417962,0.0837461709681158,0.7257770806315775,[1672],[691],0.09723583102936385,0.7802171538366869,0.1088801464102187,0.026979320122496098,1,1
"EWU,FLPSX,IJS,IJT,SPY,TGINX",0.6,6.0,0.1182260016084807,0.7892381893246209,0.0933345020247757,0.7711955129052797,[4851],[4447],0.1057802518166282,0.7802168511149503,0.018042676419341208,0.024891499583705,1,1
"MASKX,TGINX,VVIAX,YACKX",0.6666666666666666,4.0,0.1268817122735185,0.8082741144466924,0.118186399911085,0.7501051125543551,[488],[3905],0.12253405609230175,0.7791896135005237,0.05816900189233731,0.008695312362433497,1,1
"EFA,FLPSX,IWM,MACSX,QQQ,VBIRX,VTSAX,YACKX",0.6153846153846154,8.0,0.1241250760106451,0.7924626936136736,0.1166939797186037,0.7653024333591637,[3349],[2697],0.12040952786462439,0.7788825634864187,0.027160260254509905,0.007431096292041403,1,1
"FLPSX,IVV,MASKX,VFIAX,VGENX,VTRIX,YACKX",0.7,7.0,0.1228648128045897,0.7465608570419088,0.1473598740613582,0.8106342370506706,[1448],[3575],0.13511234343297396,0.7785975470462897,0.06407338000876184,0.024495061256768494,1,1
"FEMKX,FLPSX,IJT,JUEAX,VBIRX",0.7142857142857143,5.0,0.1250302440282389,0.752035167234128,0.1102704230492464,0.8045642536866816,[3447],[3656],0.11765033353874266,0.7782997104604048,0.05252908645255361,0.014759820978992491,1,1
"FLPSX,MDY,QQQ,TGINX,VGSLX,VTRIX,YACKX",0.6363636363636364,7.0,0.1269450240314701,0.8093097141077096,0.1139559124429728,0.7463136374163856,[3013],[2015],0.12045046823722144,0.7778116757620476,0.06299607669132401,0.01298911158849729,1,1
"EWG,EWW,FLPSX,MACSX,QQQ,SWPPX,SWSSX,VTSAX,YACKX",0.6,9.0,0.1395151641138426,0.7756700636046099,0.1175171225909673,0.778074429751026,[3002],[2120],0.12851614335240497,0.776872246677818,0.002404366146416148,0.021998041522875295,1,1
"IVV,JUEAX,SLYV,SWPPX,VBIRX,VGENX,YACKX",0.6363636363636364,7.0,0.1223392300409726,0.8313631427823643,0.1100183435150233,0.7214907128395699,[111],[4088],0.11617878677799795,0.7764269278109671,0.10987242994279445,0.012320886525949287,1,1
"FLPSX,JUEAX,SPY,VBIRX,VFIAX,VGENX",0.6,6.0,0.1026264342764476,0.7913078122418088,0.1245088724279015,0.7614894879132252,[2024],[3865],0.11356765335217456,0.7763986500775171,0.029818324328583556,0.021882438151453895,1,1
"JUEAX,MACSX,SLYV,SWPPX,TGINX,VVIAX",0.75,6.0,0.1088911948830599,0.7911811134030913,0.1198941139992273,0.7615189751141287,[1674],[3792],0.1143926544411436,0.77635004425861,0.02966213828896258,0.011002919116167395,1,1
"EFA,FLPSX,SWPPX,YACKX",0.8,4.0,0.1380288268587896,0.7590413900928763,0.1404523550862319,0.7928545273038485,[4939],[954],0.13924059097251074,0.7759479586983624,0.03381313721097223,0.002423528227442323,1,1
"MACSX,SLYV,SPY,SWPPX,TGINX,VVIAX,YACKX",0.6363636363636364,7.0,0.1169668727029928,0.766007906702789,0.1213102543100745,0.7857517583159332,[1352],[4466],0.11913856350653365,0.7758798325093611,0.019743851613144292,0.004343381607081698,1,1
"EFA,IJT,IVV,SLYV,SWPPX,SWSSX,TGINX,VBIRX,YACKX",0.6428571428571429,9.0,0.1148997179942665,0.7646676494729997,0.093184641600367,0.785396058380304,[3053],[3401],0.10404217979731675,0.7750318539266519,0.02072840890730432,0.021715076393899496,1,1
"FLPSX,IJT,QQQ,VBIRX,VFIAX,VGENX",0.75,6.0,0.1330862026590492,0.7712873919656361,0.1317049325894562,0.7784891936661557,[2431],[15],0.1323955676242527,0.7748882928158959,0.007201801700519539,0.001381270069592988,1,1
"EWU,FLPSX,TGINX,VGSLX",0.6666666666666666,4.0,0.1215947443138318,0.8000082212226618,0.1177562510994602,0.7491773103322351,[1308],[2743],0.119675497706646,0.7745927657774485,0.050830910890426684,0.003838493214371602,1,1
"FLPSX,IWM,MACSX,SPY,TGINX,VFIAX",0.6,6.0,0.1186642470172711,0.8046932959531757,0.1155889390244086,0.7438065724642555,[2167],[1077],0.11712659302083986,0.7742499342087157,0.060886723488920214,0.0030753079928625,1,1
"JUEAX,MACSX,SWPPX,SWSSX,VBIRX,VTI",0.6666666666666666,6.0,0.1141476396725327,0.8145875833624842,0.1118103093480158,0.7300905821628909,[2669],[1299],0.11297897451027425,0.7723390827626875,0.08449700119959325,0.002337330324516912,1,1
"EWG,FLPSX,JUEAX,SWPPX,VBIRX",0.625,5.0,0.1015489208415227,0.765115544864001,0.1370600985102887,0.7788771848894143,[70],[4418],0.1193045096759057,0.7719963648767076,0.013761640025413246,0.03551117766876599,1,1
"MACSX,SLYV,SWSSX,VBIRX",0.6666666666666666,4.0,0.09572477468526,0.7951391224180759,0.1033016679663215,0.7484996327718281,[4930],[858],0.09951322132579074,0.771819377594952,0.04663948964624787,0.007576893281061495,1,1
"EFA,FEMKX,VVIAX,YACKX",0.6666666666666666,4.0,0.1381718203002425,0.792586372884763,0.118186399911085,0.7501051125543551,[3872],[3905],0.12817911010566374,0.771345742719559,0.04248126033040789,0.0199854203891575,1,1
"EFA,FEMKX,FLPSX,SWPPX",0.8,4.0,0.1377662977983454,0.7496903879882624,0.1404523550862319,0.7928545273038485,[1532],[954],0.13910932644228866,0.7712724576460555,0.04316413931558616,0.002686057287886512,1,1
"IJS,SWSSX,TGINX",0.6,3.0,0.1316729863149879,0.8064746699944585,0.0808535520183267,0.7353668368475114,[4597],[2818],0.10626326916665729,0.770920753420985,0.07110783314694713,0.05081943429666119,1,1
"IJS,JUEAX,QQQ,SWSSX,VTRIX,YACKX",0.6,6.0,0.1429816331960384,0.7712639826557269,0.1281916558568108,0.7705144445212649,[2548],[192],0.1355866445264246,0.7708892135884959,0.0007495381344619911,0.0147899773392276,1,1
"FLPSX,IVV,MACSX,QQQ,SWPPX,SWSSX,TGINX,VBIRX,YACKX",0.6,9.0,0.1148997179942665,0.7646676494729997,0.1285312347021587,0.776147433416076,[3053],[1694],0.12171547634821259,0.7704075414445378,0.01147978394307625,0.013631516707892186,1,1
"SLYV,TGINX,VTI,VTSAX",0.6666666666666666,4.0,0.1165028526317573,0.8518079543321149,0.094286616009498,0.6889340105172699,[1444],[1283],0.10539473432062765,0.7703709824246924,0.162873943814845,0.0222162366222593,1,1
"EFA,IVV,MACSX,SPY,SWPPX,TGINX,VGSLX",0.6363636363636364,7.0,0.1327073234119225,0.7868377319638546,0.1006467511970373,0.7507088124883111,[146],[3887],0.1166770373044799,0.7687732722260829,0.03612891947554353,0.032060572214885216,1,1
"FLPSX,IWM,SLYV,TGINX,VTI,YACKX",0.6666666666666666,6.0,0.1166201532458943,0.7533167863162633,0.1288568344285161,0.7833435606061289,[4010],[2373],0.1227384938372052,0.768330173461196,0.030026774289865554,0.012236681182621792,1,1
"IVV,SPY,VBIRX",0.6,3.0,0.1439174316155239,0.8602867088305749,0.09246886102162269,0.6762366419858027,[3145],"[697, 3525]",0.11819314631857329,0.7682616754081888,0.1840500668447722,0.051448570593901205,1,2
"EFA,IVV,TGINX,VBIRX,VFIAX,YACKX",0.6,6.0,0.1071786250075315,0.7631740202707339,0.0930817049773318,0.7725362786996781,[3256],[1275],0.10013016499243166,0.767855149485206,0.009362258428944226,0.014096920030199703,1,1
"IJT,IVV,TGINX,VBIRX,VTRIX,YACKX",0.6,6.0,0.1076085489864224,0.8367836386852522,0.0943516273291948,0.6974598870257622,[4122],[656],0.1009800881578086,0.7671217628555071,0.13932375165948996,0.013256921657227597,1,1
"EWU,FLPSX,IVV,VBIRX,YACKX",0.625,5.0,0.13003793607931294,0.7546080181443418,0.0989701337218495,0.7785310595287189,"[3661, 2253]",[58],0.11450403490058123,0.7665695388365303,0.023923041384377175,0.03106780235746344,2,1
"IJS,JUEAX,MDY,SWSSX,VBIRX,YACKX",0.6,6.0,0.1292670505288723,0.7617764215113569,0.1281916558568108,0.7705144445212649,[4111],[192],0.12872935319284157,0.7661454330163109,0.008738023009908003,0.001075394672061497,1,1
"EWG,MACSX,MASKX,SPY,TGINX,VGENX",0.6,6.0,0.1210944974426329,0.8181816295717566,0.1055596901634907,0.7127759618422449,[3705],[666],0.1133270938030618,0.7654787957070007,0.10540566772951165,0.015534807279142193,1,1
"IJT,MACSX,MDY,TGINX,YACKX",0.625,5.0,0.1159199657265913,0.7851856371974657,0.1064938311141681,0.7444422173810467,[2779],[573],0.1112068984203797,0.7648139272892562,0.040743419816419046,0.009426134612423198,1,1
"EWW,MACSX,MDY,YACKX",0.8,4.0,0.1354596501507132,0.8059171644078019,0.1228096337211775,0.7230360824747544,[3618],[1665],0.12913464193594534,0.7644766234412781,0.08288108193304755,0.012650016429535713,1,1
"EFA,FLPSX,IWM,VBIRX,VGENX,YACKX",0.6,6.0,0.1234916770751779,0.7636014518538837,0.1190975181375495,0.7638497827430613,[2253],[3978],0.1212945976063637,0.7637256172984725,0.0002483308891775282,0.004394158937628401,1,1
"EWW,MACSX,TGINX",0.6,3.0,0.104555452552743,0.7857593337370383,0.1032844646119663,0.7409272842127029,[2400],[2639],0.10391995858235464,0.7633433089748707,0.04483204952433539,0.0012709879407766939,1,1
"JUEAX,MACSX,SPY,TGINX,VFIAX,VTRIX",0.6,6.0,0.1256509800941947,0.7692882710257599,0.1207945137158912,0.7572732061245604,[4694],[1445],0.12322274690504295,0.7632807385751601,0.012015064901199524,0.004856466378303503,1,1
"IJS,JUEAX,MACSX,SWPPX,VBIRX,VGSLX,VVIAX,YACKX",0.6153846153846154,8.0,0.1306513834139459,0.7828972804345775,0.1099947799550953,0.742606612809483,[4599],[894],0.12032308168452059,0.7627519466220303,0.04029066762509448,0.020656603458850592,1,1
"EWW,FEMKX,TGINX,VTSAX,YACKX",0.625,5.0,0.1331201257251964,0.8024139515126206,0.1151020933814018,0.7228665223900346,[320],[316],0.1241111095532991,0.7626402369513277,0.07954742912258606,0.018018032343794607,1,1
"EWW,FEMKX,JUEAX,MDY,SLYV,TGINX,VBIRX,VFIAX",0.6153846153846154,8.0,0.1232733991333202,0.8117664330171201,0.0993793908265076,0.7133974600237614,[4727],[1177],0.1113263949799139,0.7625819465204408,0.09836897299335878,0.023894008306812597,1,1
"EWU,EWW,JUEAX,QQQ,TGINX,VBIRX",0.6666666666666666,6.0,0.1020551358271463,0.8050806380593809,0.0964266946272675,0.7186547929358083,[2613],[4374],0.0992409152272069,0.7618677154975946,0.08642584512357265,0.005628441199878806,1,1
"EFA,EWU,FLPSX,MACSX,TGINX,VBIRX,VGSLX,VVIAX",0.7272727272727273,8.0,0.0989864194439493,0.7499407051122887,0.1116676517872561,0.772596841794123,[2379],[4459],0.1053270356156027,0.7612687734532059,0.022656136681834305,0.0126812323433068,1,1
"VTI,VTSAX,YACKX",0.6,3.0,0.1415710233506093,0.7572851650434629,0.123084348716798,0.7651106017884185,[1391],[1996],0.13232768603370365,0.7611978834159407,0.007825436744955616,0.018486674633811304,1,1
"EFA,FLPSX,MACSX,SPY,VBIRX,VFIAX,VGENX,VGSLX,VTRIX",0.6,9.0,0.1405722188831625,0.7870419057078397,0.1136369555020472,0.7352131179672153,[4589],[388],0.12710458719260484,0.7611275118375276,0.05182878774062438,0.026935263381115293,1,1
"FLPSX,IVV,IWM,MACSX,SPY,YACKX",0.6,6.0,0.1313864098555822,0.7783938249823678,0.1155889390244086,0.7438065724642555,[2712],[1077],0.12348767443999539,0.7611001987233117,0.03458725251811223,0.015797470831173596,1,1
"EWU,IVV,SWPPX,VBIRX,VFIAX,YACKX",0.6,6.0,0.1018170147709044,0.762219037871622,0.1298834493570829,0.7594283837809792,[4251],[136],0.11585023206399364,0.7608237108263006,0.00279065409064283,0.02806643458617851,1,1
"EWG,JUEAX,SWSSX,VBIRX,VTI,YACKX",0.6,6.0,0.1292670505288723,0.7617764215113569,0.1109666213676921,0.7555476561847744,[4111],[294],0.12011683594828221,0.7586620388480656,0.006228765326582564,0.0183004291611802,1,1
"EWG,FLPSX,JUEAX,MASKX,SWSSX,TGINX,VGSLX,VTRIX,YACKX",0.6,9.0,0.1279707976349567,0.7684835994029722,0.1204983991442411,0.7486970082695532,[3839],[783],0.1242345983895989,0.7585903038362627,0.019786591133418963,0.007472398490715598,1,1
"FLPSX,MDY,SPY,SWSSX,TGINX,VTRIX,VTSAX,VVIAX,YACKX",0.6,9.0,0.1300288383624631,0.7488448462511559,0.1220460097937599,0.7673223216739913,[4804],[2971],0.1260374240781115,0.7580835839625736,0.0184774754228354,0.007982828568703193,1,1
"FLPSX,JUEAX,SLYV,SWPPX,VGENX",0.625,5.0,0.1521677470532402,0.7664297941623723,0.1228106155485239,0.7471098465134429,[2503],[3111],0.13748918130088206,0.7567698203379076,0.019319947648929414,0.029357131504716305,1,1
"EWG,MACSX,MASKX,SPY,TGINX",0.625,5.0,0.1210944974426329,0.8181816295717566,0.0904630745628619,0.6950952786613538,[3705],[2542],0.1057787860027474,0.7566384541165552,0.12308635091040276,0.030631422879770998,1,1
"MASKX,TGINX,VVIAX",0.6,3.0,0.1268817122735185,0.8082741144466924,0.08482566580197806,0.7046949525315318,[488],"[1152, 2516]",0.10585368903774828,0.7564845334891122,0.10357916191516059,0.04205604647154043,1,2
"EFA,FLPSX,IWM,MACSX,VGSLX,VVIAX",0.6,6.0,0.0989864194439493,0.7499407051122887,0.12567658181298,0.7623367085168972,[2379],[1970],0.11233150062846464,0.7561387068145929,0.012396003404608447,0.0266901623690307,1,1
"FLPSX,IVV,MACSX,MASKX,QQQ,SLYV,SWSSX,TGINX,VGENX",0.6,9.0,0.1264754167637689,0.7784329276449181,0.1132073811011316,0.7330631953780088,[2664],[4977],0.11984139893245024,0.7557480615114635,0.045369732266909324,0.01326803566263729,1,1
"EFA,IJT,IVV,QQQ,SLYV,SWPPX,TGINX,VBIRX,YACKX",0.6,9.0,0.1148997179942665,0.7646676494729997,0.1160134702361055,0.7455576436048522,[3053],[3402],0.115456594115186,0.755112646538926,0.019110005868147484,0.0011137522418390028,1,1
"EWG,IJT,MACSX,SLYV,TGINX,YACKX",0.6,6.0,0.1090306364721945,0.7651032190848702,0.1064938311141681,0.7444422173810467,[1235],[573],0.10776223379318131,0.7547727182329584,0.020661001703823567,0.0025368053580264033,1,1
"EWU,IVV,MACSX,SWPPX,TGINX,VBIRX",0.6666666666666666,6.0,0.092604081769055,0.7604161466272883,0.1038165945685166,0.7479053736115849,[1202],[3407],0.0982103381687858,0.7541607601194367,0.012510773015703358,0.011212512799461588,1,1
"EFA,TGINX,VTRIX,VTSAX,YACKX",0.625,5.0,0.1349244751301996,0.7735791357823693,0.1108129859955521,0.7321330861293481,[69],[29],0.12286873056287584,0.7528561109558587,0.04144604965302112,0.024111489134647487,1,1
"FLPSX,IVV,QQQ,VTI,VVIAX",0.625,5.0,0.1393265113185513,0.7877202778738397,0.104873667843898,0.7153121401039079,[1379],[1433],0.12210008958122465,0.7515162089888738,0.07240813776993182,0.034452843474653314,1,1
"EFA,IVV,MACSX,SPY,SWPPX,TGINX,VFIAX,VGSLX",0.6153846153846154,8.0,0.1284840811902192,0.751385385980187,0.1006467511970373,0.7507088124883111,[3677],[3887],0.11456541619362826,0.7510470992342491,0.000676573491875887,0.027837329993181906,1,1
"TGINX,VTRIX,VVIAX,YACKX",0.6666666666666666,4.0,0.1154801349457337,0.8275357867188062,0.0919291767917689,0.6737835444810194,[196],[705],0.1037046558687513,0.7506596655999128,0.15375224223778683,0.023550958153964796,1,1
"IJT,MACSX,SLYV,SWPPX,TGINX,VBIRX",0.6666666666666666,6.0,0.092604081769055,0.7604161466272883,0.0814190605604135,0.7405924827458136,[1202],[4831],0.08701157116473425,0.7505043146865509,0.019823663881474718,0.01118502120864151,1,1
"FEMKX,JUEAX,MACSX,TGINX,VGENX,VTI",0.6,6.0,0.1049175113473546,0.7643849786817417,0.115909578435463,0.735436835685533,[1545],[490],0.1104135448914088,0.7499109071836374,0.028948142996208737,0.010992067088108404,1,1
"IWM,VBIRX,VFIAX,VGENX,YACKX",0.625,5.0,0.1162104606256221,0.7743525664964322,0.1077373262716404,0.7248703276255186,[426],[3349],0.11197389344863125,0.7496114470609754,0.04948223887091363,0.008473134353981698,1,1
"MACSX,QQQ,SLYV,VBIRX,VVIAX",0.7142857142857143,5.0,0.1137033645388106,0.7501525994806075,0.1190263604206358,0.746336247451511,[528],[3326],0.11636486247972319,0.7482444234660592,0.0038163520290965813,0.005322995881825207,1,1
"FLPSX,IJT,JUEAX,SWPPX,TGINX,VTRIX",0.6,6.0,0.1220984869031251,0.7486343015413536,0.1228106155485239,0.7471098465134429,[4584],[3111],0.12245455122582449,0.7478720740273983,0.001524455027910654,0.0007121286453988102,1,1
"FLPSX,MACSX,MDY,SPY,SWPPX,TGINX,VGSLX,VTRIX,YACKX",0.6428571428571429,9.0,0.1284840811902192,0.751385385980187,0.1164620870649905,0.7439498846787167,[3677],[3017],0.12247308412760485,0.7476676353294518,0.007435501301470304,0.012021994125228697,1,1
"EWU,FEMKX,QQQ,VBIRX,VGSLX,YACKX",0.6,6.0,0.1243104165815113,0.8027330478142254,0.0985409742808057,0.6900285062275419,[4661],[2872],0.1114256954311585,0.7463807770208837,0.11270454158668353,0.025769442300705603,1,1
"FEMKX,JUEAX,MACSX,SLYV,TGINX,VGENX,VTI",0.6363636363636364,7.0,0.1187537246387059,0.7564095831622631,0.115909578435463,0.735436835685533,[4061],[490],0.11733165153708444,0.7459232094238981,0.02097274747673017,0.0028441462032429005,1,1
"IVV,JUEAX,SWPPX,TGINX,VTRIX",0.625,5.0,0.1220984869031251,0.7486343015413536,0.1024087749068437,0.7342051678882676,[4584],[4701],0.1122536309049844,0.7414197347148106,0.014429133653085957,0.01968971199628139,1,1
"FEMKX,IVV,QQQ",0.6,3.0,0.1394972142627911,0.7604342940445729,0.1032908120722918,0.717818425943006,[48],[4526],0.12139401316754145,0.7391263599937894,0.04261586810156681,0.03620640219049931,1,1
"TGINX,VFIAX,VVIAX",0.6,3.0,0.1102463399565667,0.786914927367185,0.0911492529866454,0.6910423619873659,[4050],[1152],0.10069779647160605,0.7389786446772755,0.09587256537981914,0.019097086969921295,1,1
"EWG,MASKX,QQQ,SPY,TGINX,VBIRX",0.6,6.0,0.1134515172709457,0.7554285299239769,0.1055596901634907,0.7127759618422449,[3942],[666],0.10950560371721821,0.7341022458831109,0.04265256808173201,0.007891827107454993,1,1
"FEMKX,IVV,QQQ,TGINX",0.8,4.0,0.0716304983238085,0.747704785390093,0.1032908120722918,0.717818425943006,[3640],[4526],0.08746065519805014,0.7327616056665496,0.029886359447086952,0.0316603137484833,1,1
"IJT,MACSX,TGINX,VGENX,VGSLX",0.625,5.0,0.1196375788146159,0.7560891081687626,0.1054758597046375,0.6988550890634811,[3496],[2683],0.11255671925962671,0.7274720986161218,0.057234019105281475,0.01416171910997839,1,1
"EFA,IVV,MACSX,TGINX,VBIRX,VTI,VTSAX,VVIAX",0.6153846153846154,8.0,0.1177121003384539,0.7662475847418498,0.0933746715379913,0.6858165464054135,[2423],[3924],0.1055433859382226,0.7260320655736316,0.08043103833643639,0.024337428800462607,1,1
"EWG,MASKX,SPY,TGINX,VBIRX",0.625,5.0,0.1134515172709457,0.7554285299239769,0.0904630745628619,0.6950952786613538,[3942],[2542],0.1019572959169038,0.7252619042926653,0.06033325126262312,0.022988442708083798,1,1
