SimID,FactorSimID,Similarity,OverlapAssets,OverlapCount,Return_Traditional,Sharpe_Traditional,Return_Factor,Sharpe_Factor
3874,970,0.6,"TGINX,VBIRX,VTSAX",3,0.0977949517459002,1.1823790705947366,0.068018895540143,0.8725568949533602
3874,684,0.6,"VBIRX,VTSAX,YACKX",3,0.0977949517459002,1.1823790705947366,0.1166668878242846,0.8018790417011428
360,684,0.6,"EWU,VBIRX,YACKX",3,0.1169642413337955,1.1037544247522133,0.1166668878242846,0.8018790417011428
2023,2884,0.6,"MACSX,TGINX,YACKX",3,0.1218818539314162,1.0555462648192917,0.1185162263038584,1.0674075531590637
2023,1250,0.6666666666666666,"FEMKX,MACSX,TGINX,YACKX",4,0.1218818539314162,1.0555462648192917,0.1118874810338018,0.8900305367731616
4612,1077,0.625,"FLPSX,IWM,MACSX,SPY,YACKX",5,0.1617123790699811,1.0529010019403964,0.1155889390244086,0.7438065724642555
682,3879,0.6,"FEMKX,FLPSX,TGINX",3,0.108505311051804,1.0393734536665638,0.1147806434174091,0.8242007109584748
682,2875,0.6,"FEMKX,FLPSX,SWSSX",3,0.108505311051804,1.0393734536665638,0.1248183202047663,0.7770828731627355
4822,2229,0.6,"IJT,TGINX,YACKX",3,0.1228340258528306,1.03343240313976,0.133565301979634,0.9364175675443503
693,64,0.8333333333333334,"FLPSX,IVV,JUEAX,TGINX,YACKX",5,0.1371383241549636,1.0103299069349416,0.1383822215971894,0.9505781939360248
693,1646,0.6666666666666666,"FLPSX,IVV,JUEAX,YACKX",4,0.1371383241549636,1.0103299069349416,0.1595116836257706,0.8991558731818678
1777,491,0.6666666666666666,"FLPSX,MACSX,VBIRX,VTI",4,0.1009133000702887,1.0103094667613008,0.10600998648182,0.90163646500884
4561,882,0.6666666666666666,"FEMKX,MACSX,VTSAX,YACKX",4,0.1083067548473919,1.0079508028972124,0.1473486528881103,0.8228115016752634
517,4646,0.8,"FLPSX,MACSX,TGINX,VGENX",4,0.1342029850176406,0.9752430106295517,0.1474303703536931,1.1104124310139518
2001,2884,0.6,"MACSX,TGINX,YACKX",3,0.1323628518380639,0.9462696126545568,0.1185162263038584,1.0674075531590637
2001,2049,0.6,"MACSX,VTI,YACKX",3,0.1323628518380639,0.9462696126545568,0.1564918402480767,1.0697287838169716
2001,513,0.6,"MACSX,VTI,YACKX",3,0.1323628518380639,0.9462696126545568,0.1333908527044583,0.8843210272052012
2001,1996,0.6,"MACSX,VTI,YACKX",3,0.1323628518380639,0.9462696126545568,0.123084348716798,0.7651106017884185
4978,1509,0.6,"EWU,EWW,FLPSX,MACSX,TGINX,VBIRX",6,0.1160804807793739,0.9375866666244288,0.1190153804003962,0.8751611429408024
4978,4206,0.625,"EWW,FLPSX,MACSX,TGINX,VBIRX",5,0.1160804807793739,0.9375866666244288,0.12002695153496,0.7682758992611034
4978,1993,0.7142857142857143,"EWU,EWW,FLPSX,TGINX,VBIRX",5,0.1160804807793739,0.9375866666244288,0.110251283888182,0.7277578066304212
4711,1250,0.75,"FEMKX,MACSX,SPY,TGINX,VFIAX,YACKX",6,0.1087549556145695,0.9325211376633594,0.1118874810338018,0.8900305367731616
4711,630,0.6666666666666666,"FEMKX,IVV,MACSX,SPY,TGINX,YACKX",6,0.1087549556145695,0.9325211376633594,0.1155073483060973,0.8796116858058218
4711,3655,0.6363636363636364,"FEMKX,MACSX,SPY,TGINX,VBIRX,VFIAX,YACKX",7,0.1087549556145695,0.9325211376633594,0.1033330342629189,0.7421940238914074
4711,1691,0.6666666666666666,"FEMKX,IVV,MACSX,SPY,TGINX,VBIRX,VFIAX,YACKX",8,0.1087549556145695,0.9325211376633594,0.1059391219096095,0.7173322686145354
4711,1077,0.6,"IVV,MACSX,SPY,TGINX,VFIAX,YACKX",6,0.1087549556145695,0.9325211376633594,0.1155889390244086,0.7438065724642555
3354,513,0.6,"MACSX,VVIAX,YACKX",3,0.1370776793475143,0.9299794824475148,0.1333908527044583,0.8843210272052012
3354,1051,0.6,"MACSX,VVIAX,YACKX",3,0.1370776793475143,0.9299794824475148,0.1563095485142867,0.9074006287434464
2954,4302,0.6,"IVV,JUEAX,YACKX",3,0.1551609866091497,0.904456334575707,0.1718544729364525,0.940774286092225
3657,150,0.6,"QQQ,VBIRX,YACKX",3,0.1597181783921921,0.8968981046568645,0.1297578777759042,0.9960944418913992
3657,2019,0.6,"QQQ,VBIRX,YACKX",3,0.1597181783921921,0.8968981046568645,0.0872949867467873,0.6896580561324441
1918,4302,0.6,"IVV,SWSSX,YACKX",3,0.162016681790171,0.8936431684377539,0.1718544729364525,0.940774286092225
1141,345,0.6,"FLPSX,MACSX,SPY",3,0.1405611347426455,0.8904096547688921,0.1214725483241813,0.8379101082801643
2702,1194,0.6,"FLPSX,SWSSX,VBIRX",3,0.1483504653175378,0.8863784579084825,0.1415574644910566,0.8902127324756486
2702,1333,0.6666666666666666,"FLPSX,SWSSX,VBIRX,VFIAX",4,0.1483504653175378,0.8863784579084825,0.1160846373234053,0.7971047702481701
2702,2875,0.6,"FLPSX,SWSSX,VBIRX",3,0.1483504653175378,0.8863784579084825,0.1248183202047663,0.7770828731627355
4863,1673,0.625,"IWM,MACSX,SWPPX,VBIRX,VGENX",5,0.0852774650803162,0.8858787548836478,0.1039326505445327,0.7407610140858871
309,1611,0.6666666666666666,"IJT,MACSX,SLYV,YACKX",4,0.1444170743544871,0.8844040902691948,0.1509989289821224,0.9614420431933012
2878,1194,0.6,"SWSSX,VBIRX,VVIAX",3,0.0752680015521468,0.8830302102645731,0.1415574644910566,0.8902127324756486
353,882,0.6666666666666666,"FEMKX,MACSX,VTSAX,YACKX",4,0.12506172682877,0.8798714908678293,0.1473486528881103,0.8228115016752634
4762,3879,0.6,"FEMKX,FLPSX,TGINX",3,0.1301611090679165,0.8770203693076667,0.1147806434174091,0.8242007109584748
4762,4526,0.6,"FEMKX,IVV,TGINX",3,0.1301611090679165,0.8770203693076667,0.1032908120722918,0.717818425943006
2386,2736,0.6363636363636364,"FLPSX,IJT,JUEAX,MDY,VBIRX,VGENX,YACKX",7,0.1355219973740097,0.8748397506973857,0.1256363156971317,0.8560979730040971
2386,3542,0.6,"EWG,FLPSX,IJT,VBIRX,VGENX,YACKX",6,0.1355219973740097,0.8748397506973857,0.1387834389460168,0.8039488373723976
362,3617,0.6666666666666666,"JUEAX,MACSX,VTSAX,YACKX",4,0.1581930442084592,0.8735104367232434,0.1462445111077317,0.8845872285564449
597,150,0.6,"QQQ,VBIRX,YACKX",3,0.1232349415795163,0.8697005584773576,0.1297578777759042,0.9960944418913992
597,2019,0.6,"QQQ,VBIRX,YACKX",3,0.1232349415795163,0.8697005584773576,0.0872949867467873,0.6896580561324441
958,4128,0.6666666666666666,"FLPSX,MACSX,MDY,VFIAX",4,0.1498329530584609,0.8683871014821101,0.148513718307384,0.8700036475733185
667,2557,0.6,"FLPSX,VGENX,YACKX",3,0.1669176930608472,0.8648031699764162,0.1653991347976083,0.9405081268024528
667,4461,0.6,"FLPSX,VGENX,VTRIX",3,0.1669176930608472,0.8648031699764162,0.151733416869871,0.8033272658917604
1882,3730,0.625,"FLPSX,QQQ,VBIRX,VFIAX,VVIAX",5,0.1126192993658738,0.8633480690509633,0.1405685775819779,0.8330398804129109
4554,1509,0.7,"EWU,FLPSX,MACSX,SWSSX,VBIRX,VGSLX,YACKX",7,0.1136948500853522,0.8617832249322043,0.1190153804003962,0.8751611429408024
3145,3396,0.6,"SPY,VBIRX,YACKX",3,0.1439174316155239,0.8602867088305749,0.1347079773096096,0.8387487957791572
3145,3875,0.6,"IVV,SPY,YACKX",3,0.1439174316155239,0.8602867088305749,0.1347891702579131,0.7785439461427681
3145,3525,0.6,"IVV,SPY,VBIRX",3,0.1439174316155239,0.8602867088305749,0.0960947765682003,0.6784336154599608
3145,697,0.6,"IVV,SPY,VBIRX",3,0.1439174316155239,0.8602867088305749,0.0888429454750451,0.6740396685116445
619,2668,0.7142857142857143,"IJS,QQQ,TGINX,VTSAX,YACKX",5,0.1457670207396614,0.8549592557090441,0.1239769138874694,0.7579149977307087
1955,345,0.6,"MACSX,SPY,VFIAX",3,0.1304265051826729,0.852942104409173,0.1214725483241813,0.8379101082801643
1955,670,0.8,"JUEAX,MACSX,SPY,VFIAX",4,0.1304265051826729,0.852942104409173,0.1238278784023257,0.7631075618121883
1444,1283,0.6666666666666666,"SLYV,TGINX,VTI,VTSAX",4,0.1165028526317573,0.8518079543321149,0.094286616009498,0.6889340105172699
4622,766,0.6153846153846154,"EWW,FEMKX,FLPSX,IVV,IWM,SPY,VBIRX,YACKX",8,0.1250344917063396,0.8502375441985688,0.1228024586293696,0.763814313982043
1637,1327,0.6666666666666666,"FLPSX,VGENX,VVIAX,YACKX",4,0.1530583993760395,0.8470014920637119,0.1549440385344603,0.812076522878622
4632,1299,0.6363636363636364,"EWW,IVV,JUEAX,MACSX,SWPPX,VBIRX,VTI",7,0.1181635125190977,0.844022500746694,0.1118103093480158,0.7300905821628909
4861,3087,0.625,"FLPSX,SPY,TGINX,VGENX,VTSAX",5,0.1341921221623313,0.8407864062221082,0.1345868135886009,0.8219410082455232
1103,4982,0.6,"IWM,MDY,TGINX",3,0.1178649476209962,0.8391710208425357,0.0978690118555765,0.8143922807580299
1103,3879,0.6,"FLPSX,MDY,TGINX",3,0.1178649476209962,0.8391710208425357,0.1147806434174091,0.8242007109584748
2196,345,0.6,"FLPSX,MACSX,SPY",3,0.1345386394391609,0.8379916649825958,0.1214725483241813,0.8379101082801643
3791,2839,0.6,"FLPSX,IJS,MACSX",3,0.1358658986969567,0.8378713740208553,0.1199351868804762,0.7505457015406433
1760,3372,0.6,"IJS,QQQ,YACKX",3,0.1589591941203814,0.8376276706068158,0.1699454199436935,0.9380549448518408
4122,656,0.6,"IJT,IVV,TGINX,VBIRX,VTRIX,YACKX",6,0.1076085489864224,0.8367836386852522,0.0943516273291948,0.6974598870257622
205,4462,0.625,"EFA,MACSX,MDY,TGINX,VTI",5,0.0978663501866283,0.836263726997709,0.0980528150396721,0.7620043805779775
1672,668,0.6666666666666666,"MACSX,MDY,TGINX,VBIRX,VVIAX,YACKX",6,0.1107254910906119,0.8346572270417962,0.0988159414763144,0.8579974447995945
1672,691,0.7,"MACSX,MDY,TGINX,VBIRX,VFIAX,VVIAX,YACKX",7,0.1107254910906119,0.8346572270417962,0.0837461709681158,0.7257770806315775
2133,1869,0.625,"EWG,TGINX,VBIRX,VTI,YACKX",5,0.1136411902842426,0.8342546962042204,0.105466952450561,0.8998021022915647
3982,150,0.6666666666666666,"FEMKX,QQQ,VBIRX,YACKX",4,0.131461309195819,0.8334397858644369,0.1297578777759042,0.9960944418913992
4975,2557,0.6,"VGENX,VTSAX,YACKX",3,0.1588592347181627,0.8316237671222898,0.1653991347976083,0.9405081268024528
111,4088,0.6363636363636364,"IVV,JUEAX,SLYV,SWPPX,VBIRX,VGENX,YACKX",7,0.1223392300409726,0.8313631427823643,0.1100183435150233,0.7214907128395699
1123,513,0.6,"MACSX,VVIAX,YACKX",3,0.1378182003674896,0.8302889413645925,0.1333908527044583,0.8843210272052012
1123,1051,0.6,"MACSX,VVIAX,YACKX",3,0.1378182003674896,0.8302889413645925,0.1563095485142867,0.9074006287434464
1123,2311,0.6,"MACSX,VGENX,VVIAX",3,0.1378182003674896,0.8302889413645925,0.1268927187098777,0.7915555573774411
621,1446,0.6363636363636364,"FEMKX,FLPSX,IVV,MACSX,SWSSX,TGINX,YACKX",7,0.1309714092344702,0.8291592459205399,0.13712616457853,0.9188178556715088
4569,875,0.6363636363636364,"FLPSX,IJT,JUEAX,SWPPX,VBIRX,VFIAX,YACKX",7,0.1320262020697908,0.8289631036111211,0.1163533389587967,0.8236677300694386
1284,965,0.6666666666666666,"FLPSX,MACSX,QQQ,SLYV,VBIRX,YACKX",6,0.1211304179919542,0.8288601799198172,0.1150490615649592,0.8700897283878499
1758,3317,0.6666666666666666,"FEMKX,MASKX,MDY,QQQ,VBIRX,VGSLX,VVIAX,YACKX",8,0.127764314896167,0.8279160218463882,0.1347722683322257,0.7929447493028404
196,705,0.6666666666666666,"TGINX,VTRIX,VVIAX,YACKX",4,0.1154801349457337,0.8275357867188062,0.0919291767917689,0.6737835444810194
237,4302,0.6,"IVV,JUEAX,YACKX",3,0.1508278319583405,0.8269962467908403,0.1718544729364525,0.940774286092225
237,1222,0.6,"JUEAX,SLYV,YACKX",3,0.1508278319583405,0.8269962467908403,0.1541953173861322,0.8179107509354842
3063,301,0.6666666666666666,"FEMKX,FLPSX,QQQ,SWPPX",4,0.1498329495850932,0.8252234176532426,0.1455116887977287,0.8020359841880808
3126,2115,0.6,"EFA,FLPSX,JUEAX,MACSX,SWPPX,VBIRX",6,0.1193717589776662,0.8243009618996435,0.1285167701119789,0.7866870665354398
56,4956,0.6,"FLPSX,IJS,IJT,JUEAX,VBIRX,YACKX",6,0.1438463318636784,0.8211061382027346,0.1232630830448227,0.8241460212335173
56,747,0.6,"EWW,FLPSX,IJT,JUEAX,VBIRX,YACKX",6,0.1438463318636784,0.8211061382027346,0.130365657185883,0.8267635812716183
56,137,0.6,"EWW,FLPSX,IJT,JUEAX,VBIRX,YACKX",6,0.1438463318636784,0.8211061382027346,0.1072371554792643,0.7204702389461415
1101,2505,0.6,"MACSX,QQQ,VBIRX",3,0.1104199985023798,0.8189828395606369,0.0923669207479846,0.7998910370476923
2997,398,0.6666666666666666,"SLYV,VFIAX,VTRIX,YACKX",4,0.1372770345706989,0.8184354143747711,0.124966974378557,0.9182938698397748
3705,2542,0.625,"EWG,MACSX,MASKX,SPY,TGINX",5,0.1210944974426329,0.8181816295717566,0.0904630745628619,0.6950952786613538
3705,666,0.6,"EWG,MACSX,MASKX,SPY,TGINX,VGENX",6,0.1210944974426329,0.8181816295717566,0.1055596901634907,0.7127759618422449
2245,2637,0.8571428571428571,"MACSX,SLYV,SPY,VBIRX,VFIAX,VVIAX",6,0.1124436259007555,0.8147942853673241,0.0964998915022678,0.7617653118355309
3085,304,0.6,"FLPSX,IJS,TGINX",3,0.1234664577669641,0.8146664547873418,0.122216820797752,0.8088522926771918
3085,2576,0.6,"FLPSX,IJS,TGINX",3,0.1234664577669641,0.8146664547873418,0.0923101453320947,0.7289681305828519
2669,1299,0.6666666666666666,"JUEAX,MACSX,SWPPX,SWSSX,VBIRX,VTI",6,0.1141476396725327,0.8145875833624842,0.1118103093480158,0.7300905821628909
3820,684,0.6666666666666666,"EWU,VBIRX,VTSAX,YACKX",4,0.1315591979036202,0.8143082860017413,0.1166668878242846,0.8018790417011428
2884,2814,0.6363636363636364,"FLPSX,IJT,SLYV,SPY,TGINX,VTRIX,YACKX",7,0.1434869515730005,0.8138499504267688,0.1205998732613205,0.7556323088773809
4370,507,0.7142857142857143,"IJS,IVV,JUEAX,MACSX,MASKX,MDY,SPY,SWPPX,VBIRX,YACKX",10,0.1116110900530185,0.8125091305490008,0.1215989437240185,0.7930920213367267
2928,4836,0.8,"MACSX,MDY,SWSSX,YACKX",4,0.1397196786551604,0.8121093195772985,0.1366330554627219,0.8027425396488733
4727,1177,0.6153846153846154,"EWW,FEMKX,JUEAX,MDY,SLYV,TGINX,VBIRX,VFIAX",8,0.1232733991333202,0.8117664330171201,0.0993793908265076,0.7133974600237614
3766,668,0.6666666666666666,"JUEAX,SLYV,TGINX,VBIRX,VVIAX,YACKX",6,0.0775521286863856,0.8117134770805571,0.0988159414763144,0.8579974447995945
6,302,0.6,"EWU,FEMKX,MACSX,SPY,TGINX,VBIRX,VTRIX,VTSAX,YACKX",9,0.0977967589679709,0.8098907337289751,0.1101759419845689,0.801422636470877
2888,1571,0.6363636363636364,"FLPSX,IJT,JUEAX,MACSX,SPY,VBIRX,VGENX",7,0.1389364150654203,0.8094076121148197,0.1092121631683274,0.8136195196722212
3013,1320,0.625,"MDY,TGINX,VGSLX,VTRIX,YACKX",5,0.1269450240314701,0.8093097141077096,0.1371086646414422,0.8112074394038501
3013,2015,0.6363636363636364,"FLPSX,MDY,QQQ,TGINX,VGSLX,VTRIX,YACKX",7,0.1269450240314701,0.8093097141077096,0.1139559124429728,0.7463136374163856
662,1271,0.6,"JUEAX,VVIAX,YACKX",3,0.117825821704826,0.8088757226208243,0.1450494309474507,0.8017821456319325
488,2516,0.6,"MASKX,TGINX,VVIAX",3,0.1268817122735185,0.8082741144466924,0.0785020786173107,0.7183475430756976
488,3905,0.6666666666666666,"MASKX,TGINX,VVIAX,YACKX",4,0.1268817122735185,0.8082741144466924,0.118186399911085,0.7501051125543551
488,1152,0.6,"MASKX,TGINX,VVIAX",3,0.1268817122735185,0.8082741144466924,0.0911492529866454,0.6910423619873659
1082,302,0.6,"FEMKX,MACSX,MASKX,SPY,TGINX,VGENX,VTRIX,VTSAX,YACKX",9,0.1342312297182798,0.8071819407837858,0.1101759419845689,0.801422636470877
1082,4626,0.6666666666666666,"FLPSX,MACSX,SPY,TGINX,VGENX,VTI,VTRIX,VTSAX",8,0.1342312297182798,0.8071819407837858,0.1271389105973103,0.816450736544412
4597,2818,0.6,"IJS,SWSSX,TGINX",3,0.1316729863149879,0.8064746699944585,0.0808535520183267,0.7353668368475114
4597,304,0.6,"FLPSX,IJS,TGINX",3,0.1316729863149879,0.8064746699944585,0.122216820797752,0.8088522926771918
4597,2576,0.6,"FLPSX,IJS,TGINX",3,0.1316729863149879,0.8064746699944585,0.0923101453320947,0.7289681305828519
3618,1665,0.8,"EWW,MACSX,MDY,YACKX",4,0.1354596501507132,0.8059171644078019,0.1228096337211775,0.7230360824747544
2613,3304,0.6,"EWU,FLPSX,JUEAX,SLYV,TGINX,VBIRX",6,0.1020551358271463,0.8050806380593809,0.1113696044061212,0.8945461351107243
2613,4374,0.6666666666666666,"EWU,EWW,JUEAX,QQQ,TGINX,VBIRX",6,0.1020551358271463,0.8050806380593809,0.0964266946272675,0.7186547929358083
3191,4000,0.625,"FEMKX,FLPSX,JUEAX,VVIAX,YACKX",5,0.1499336124866592,0.8047403531473166,0.1474285796168698,0.8284212780741267
2167,1742,0.625,"EWW,FLPSX,MACSX,TGINX,VFIAX",5,0.1186642470172711,0.8046932959531757,0.1219336632000504,0.9861226900969856
2167,3898,0.7777777777777778,"EWW,FLPSX,IWM,MACSX,SPY,TGINX,VFIAX",7,0.1186642470172711,0.8046932959531757,0.123847917519198,0.7629531012035312
2167,1077,0.6,"FLPSX,IWM,MACSX,SPY,TGINX,VFIAX",6,0.1186642470172711,0.8046932959531757,0.1155889390244086,0.7438065724642555
4440,3278,0.6666666666666666,"FLPSX,IJT,IVV,JUEAX,MACSX,QQQ,VBIRX,VGENX",8,0.1335410002975992,0.8029736207829109,0.1235472648056882,0.889477396340953
4440,3103,0.6363636363636364,"FLPSX,IJT,JUEAX,MACSX,QQQ,VGENX,YACKX",7,0.1335410002975992,0.8029736207829109,0.1529420921224098,0.8681886004417126
4661,639,0.625,"EWU,FEMKX,JUEAX,VBIRX,YACKX",5,0.1243104165815113,0.8027330478142254,0.146145028695356,0.8518785422826103
4661,2872,0.6,"EWU,FEMKX,QQQ,VBIRX,VGSLX,YACKX",6,0.1243104165815113,0.8027330478142254,0.0985409742808057,0.6900285062275419
493,3146,0.6666666666666666,"EWW,FLPSX,MASKX,MDY,TGINX,VGENX,VTI,YACKX",8,0.1289088381716976,0.8026111962221054,0.1371382689038466,0.8007233288125148
320,316,0.625,"EWW,FEMKX,TGINX,VTSAX,YACKX",5,0.1331201257251964,0.8024139515126206,0.1151020933814018,0.7228665223900346
1643,4192,0.6,"SWPPX,VTRIX,YACKX",3,0.1384341428718789,0.80149502361495,0.1230945955918543,0.8305010403071702
1643,3875,0.6,"SPY,VTRIX,YACKX",3,0.1384341428718789,0.80149502361495,0.1347891702579131,0.7785439461427681
4696,345,0.6,"FLPSX,MACSX,VFIAX",3,0.1281829693251943,0.8011181361798668,0.1214725483241813,0.8379101082801643
4696,4128,0.6,"FLPSX,MACSX,VFIAX",3,0.1281829693251943,0.8011181361798668,0.148513718307384,0.8700036475733185
4696,4471,0.6,"EWU,MACSX,VFIAX",3,0.1281829693251943,0.8011181361798668,0.1147568510941686,0.7698275945621437
1308,2743,0.6666666666666666,"EWU,FLPSX,TGINX,VGSLX",4,0.1215947443138318,0.8000082212226618,0.1177562510994602,0.7491773103322351
3643,882,0.7142857142857143,"EWW,FEMKX,MACSX,VTSAX,YACKX",5,0.1387288537304674,0.7997926978619445,0.1473486528881103,0.8228115016752634
2563,4206,0.625,"EWG,EWW,FLPSX,MACSX,VTSAX",5,0.1329792491588624,0.7975761821167784,0.12002695153496,0.7682758992611034
4761,1327,0.7142857142857143,"FLPSX,IVV,VGENX,VVIAX,YACKX",5,0.1491202768537305,0.7974265903713111,0.1549440385344603,0.812076522878622
1931,2229,0.6,"IJT,TGINX,YACKX",3,0.1538067101375655,0.7973159725227822,0.133565301979634,0.9364175675443503
886,1985,0.6,"VGENX,VTI,YACKX",3,0.1506584837397164,0.7961809551889286,0.1480316119820809,0.8348715931868188
1142,3835,0.6428571428571429,"FEMKX,FLPSX,IJT,JUEAX,MACSX,MASKX,TGINX,VTRIX,YACKX",9,0.1266961788383212,0.7961167297710156,0.1305789380234083,0.7786291074700076
4930,858,0.6666666666666666,"MACSX,SLYV,SWSSX,VBIRX",4,0.09572477468526,0.7951391224180759,0.1033016679663215,0.7484996327718281
1742,150,0.6,"QQQ,VBIRX,YACKX",3,0.1444048899037712,0.7947800622592587,0.1297578777759042,0.9960944418913992
1742,2019,0.6,"QQQ,VBIRX,YACKX",3,0.1444048899037712,0.7947800622592587,0.0872949867467873,0.6896580561324441
4645,2271,0.625,"EWW,MASKX,SWPPX,TGINX,YACKX",5,0.1313779087307768,0.7939595360793246,0.1381270353452865,0.8514318119929621
1617,1860,0.6,"IVV,MDY,VBIRX,VGENX,VGSLX,VTRIX",6,0.1121454338154611,0.7935712721893832,0.093233685804062,0.8552349013476375
3872,3905,0.6666666666666666,"EFA,FEMKX,VVIAX,YACKX",4,0.1381718203002425,0.792586372884763,0.118186399911085,0.7501051125543551
3349,1964,0.6153846153846154,"FEMKX,FLPSX,IWM,MACSX,QQQ,VBIRX,VTSAX,YACKX",8,0.1241250760106451,0.7924626936136736,0.1450276706436453,0.8509802507436693
3349,2697,0.6153846153846154,"EFA,FLPSX,IWM,MACSX,QQQ,VBIRX,VTSAX,YACKX",8,0.1241250760106451,0.7924626936136736,0.1166939797186037,0.7653024333591637
3228,4302,0.6,"IVV,SWSSX,YACKX",3,0.153413705703212,0.7921363032911081,0.1718544729364525,0.940774286092225
2024,3865,0.6,"FLPSX,JUEAX,SPY,VBIRX,VFIAX,VGENX",6,0.1026264342764476,0.7913078122418088,0.1245088724279015,0.7614894879132252
1674,3792,0.75,"JUEAX,MACSX,SLYV,SWPPX,TGINX,VVIAX",6,0.1088911948830599,0.7911811134030913,0.1198941139992273,0.7615189751141287
1675,4520,0.6,"EWU,FLPSX,JUEAX,SPY,TGINX,VGENX",6,0.1235352423793275,0.7899215075522065,0.1293221533326763,0.7844030611484558
4851,4447,0.6,"EWU,FLPSX,IJS,IJT,SPY,TGINX",6,0.1182260016084807,0.7892381893246209,0.0933345020247757,0.7711955129052797
1379,1433,0.625,"FLPSX,IVV,QQQ,VTI,VVIAX",5,0.1393265113185513,0.7877202778738397,0.104873667843898,0.7153121401039079
884,1064,0.6363636363636364,"EWW,IJS,IJT,MACSX,QQQ,VFIAX,VTSAX",7,0.1381656382327268,0.7876437943239633,0.1408397855735056,0.7996337335232097
4589,477,0.6,"EFA,EWW,FLPSX,JUEAX,MACSX,SPY,VBIRX,VFIAX,VTRIX",9,0.1405722188831625,0.7870419057078397,0.1248902134879705,0.7797184698379674
4589,388,0.6,"EFA,FLPSX,MACSX,SPY,VBIRX,VFIAX,VGENX,VGSLX,VTRIX",9,0.1405722188831625,0.7870419057078397,0.1136369555020472,0.7352131179672153
4050,486,0.6,"MACSX,TGINX,VVIAX",3,0.1102463399565667,0.786914927367185,0.1087450334081337,0.7864497580385915
4050,1152,0.6,"TGINX,VFIAX,VVIAX",3,0.1102463399565667,0.786914927367185,0.0911492529866454,0.6910423619873659
146,3887,0.6363636363636364,"EFA,IVV,MACSX,SPY,SWPPX,TGINX,VGSLX",7,0.1327073234119225,0.7868377319638546,0.1006467511970373,0.7507088124883111
4516,4956,0.7,"FLPSX,IJS,IJT,JUEAX,TGINX,VTSAX,YACKX",7,0.1275255198079354,0.786189803722248,0.1232630830448227,0.8241460212335173
2400,2639,0.6,"EWW,MACSX,TGINX",3,0.104555452552743,0.7857593337370383,0.1032844646119663,0.7409272842127029
2779,573,0.625,"IJT,MACSX,MDY,TGINX,YACKX",5,0.1159199657265913,0.7851856371974657,0.1064938311141681,0.7444422173810467
4983,2914,0.6,"FLPSX,JUEAX,MACSX,MASKX,QQQ,SWPPX,VBIRX,VTSAX,YACKX",9,0.1279953450694308,0.7836066737921994,0.1317435598311634,0.8175587829333849
4151,3997,0.6,"FEMKX,MACSX,QQQ,SLYV,VGENX,YACKX",6,0.1374219355328715,0.7834711471338687,0.1511639289240815,0.8712178274420753
4599,4136,0.6,"JUEAX,MACSX,SWPPX,VBIRX,VGSLX,YACKX",6,0.1306513834139459,0.7828972804345775,0.1322998053384053,0.8656933313788671
4599,894,0.6153846153846154,"IJS,JUEAX,MACSX,SWPPX,VBIRX,VGSLX,VVIAX,YACKX",8,0.1306513834139459,0.7828972804345775,0.1099947799550953,0.742606612809483
2289,4036,0.6,"EWW,FLPSX,IVV,TGINX,VTSAX,YACKX",6,0.1365514239158211,0.7810934735470004,0.1238371986547871,0.8561479986749135
3977,3617,0.7142857142857143,"JUEAX,MACSX,VFIAX,VTSAX,YACKX",5,0.1343209881978981,0.7788220490571088,0.1462445111077317,0.8845872285564449
3977,2804,0.625,"MACSX,MASKX,MDY,VTSAX,YACKX",5,0.1343209881978981,0.7788220490571088,0.1362585499206479,0.7953117793455088
2664,4977,0.6,"FLPSX,IVV,MACSX,MASKX,QQQ,SLYV,SWSSX,TGINX,VGENX",9,0.1264754167637689,0.7784329276449181,0.1132073811011316,0.7330631953780088
2712,1077,0.6,"FLPSX,IVV,IWM,MACSX,SPY,YACKX",6,0.1313864098555822,0.7783938249823678,0.1155889390244086,0.7438065724642555
2829,1598,0.6428571428571429,"EWW,IVV,JUEAX,MACSX,MASKX,SWSSX,VBIRX,VGSLX,YACKX",9,0.1260884522453227,0.7768031358951639,0.1290096995012173,0.7922206611700883
3002,2120,0.6,"EWG,EWW,FLPSX,MACSX,QQQ,SWPPX,SWSSX,VTSAX,YACKX",9,0.1395151641138426,0.7756700636046099,0.1175171225909673,0.778074429751026
690,792,0.6428571428571429,"EFA,IJS,JUEAX,MACSX,QQQ,TGINX,VBIRX,VGSLX,YACKX",9,0.1168047011248134,0.7747880071816439,0.1140180825114103,0.7926920424204483
274,1325,0.6,"MACSX,SWPPX,SWSSX",3,0.128061939785601,0.774720385472047,0.1278576857210593,0.8447742411677173
426,1211,0.6666666666666666,"IWM,VBIRX,VGENX,YACKX",4,0.1162104606256221,0.7743525664964322,0.1056797519257737,0.8103974112222148
426,3349,0.625,"IWM,VBIRX,VFIAX,VGENX,YACKX",5,0.1162104606256221,0.7743525664964322,0.1077373262716404,0.7248703276255186
69,29,0.625,"EFA,TGINX,VTRIX,VTSAX,YACKX",5,0.1349244751301996,0.7735791357823693,0.1108129859955521,0.7321330861293481
4955,1819,0.6363636363636364,"FLPSX,IJS,IWM,JUEAX,MACSX,MASKX,VGSLX",7,0.1361516454226775,0.7731199445828478,0.1449476554532688,0.8202294719595652
3219,1325,0.6,"MACSX,SWSSX,YACKX",3,0.1335610572150526,0.7725070508116089,0.1278576857210593,0.8447742411677173
3219,4836,0.6,"MACSX,SWSSX,YACKX",3,0.1335610572150526,0.7725070508116089,0.1366330554627219,0.8027425396488733
889,882,0.6666666666666666,"EWW,FEMKX,VTSAX,YACKX",4,0.1501125922591296,0.7718338018474182,0.1473486528881103,0.8228115016752634
2431,15,0.75,"FLPSX,IJT,QQQ,VBIRX,VFIAX,VGENX",6,0.1330862026590492,0.7712873919656361,0.1317049325894562,0.7784891936661557
2548,192,0.6,"IJS,JUEAX,QQQ,SWSSX,VTRIX,YACKX",6,0.1429816331960384,0.7712639826557269,0.1281916558568108,0.7705144445212649
1609,4036,0.625,"EWW,FLPSX,IVV,VTSAX,YACKX",5,0.1404066683275551,0.7697124588474376,0.1238371986547871,0.8561479986749135
1609,3653,0.6,"EWW,FLPSX,QQQ,VGSLX,VTSAX,YACKX",6,0.1404066683275551,0.7697124588474376,0.1514804195695312,0.8418158313432827
4694,1445,0.6,"JUEAX,MACSX,SPY,TGINX,VFIAX,VTRIX",6,0.1256509800941947,0.7692882710257599,0.1207945137158912,0.7572732061245604
3020,445,0.7777777777777778,"EFA,FLPSX,JUEAX,TGINX,VBIRX,VGENX,VTSAX",7,0.1273103817078487,0.7692289288319822,0.1040857896027735,0.7944756698526196
3839,783,0.6,"EWG,FLPSX,JUEAX,MASKX,SWSSX,TGINX,VGSLX,VTRIX,YACKX",9,0.1279707976349567,0.7684835994029722,0.1204983991442411,0.7486970082695532
4463,3879,0.6,"FEMKX,FLPSX,MDY",3,0.1474900435825243,0.7665671085539244,0.1147806434174091,0.8242007109584748
4463,4284,0.6,"FLPSX,JUEAX,MDY",3,0.1474900435825243,0.7665671085539244,0.1637942949743789,0.8612314021300967
2503,3111,0.625,"FLPSX,JUEAX,SLYV,SWPPX,VGENX",5,0.1521677470532402,0.7664297941623723,0.1228106155485239,0.7471098465134429
2423,3924,0.6153846153846154,"EFA,IVV,MACSX,TGINX,VBIRX,VTI,VTSAX,VVIAX",8,0.1177121003384539,0.7662475847418498,0.0933746715379913,0.6858165464054135
2164,3304,0.6,"EWU,FLPSX,SLYV,TGINX,VBIRX,YACKX",6,0.0956645997574222,0.7662445079025586,0.1113696044061212,0.8945461351107243
1352,4466,0.6363636363636364,"MACSX,SLYV,SPY,SWPPX,TGINX,VVIAX,YACKX",7,0.1169668727029928,0.766007906702789,0.1213102543100745,0.7857517583159332
70,4418,0.625,"EWG,FLPSX,JUEAX,SWPPX,VBIRX",5,0.1015489208415227,0.765115544864001,0.1370600985102887,0.7788771848894143
1235,1311,0.6,"FEMKX,IJT,JUEAX,MACSX,TGINX,YACKX",6,0.1090306364721945,0.7651032190848702,0.1174779017394841,0.8165531484093097
1235,573,0.6,"EWG,IJT,MACSX,SLYV,TGINX,YACKX",6,0.1090306364721945,0.7651032190848702,0.1064938311141681,0.7444422173810467
3053,3401,0.6428571428571429,"EFA,IJT,IVV,SLYV,SWPPX,SWSSX,TGINX,VBIRX,YACKX",9,0.1148997179942665,0.7646676494729997,0.093184641600367,0.785396058380304
3053,1694,0.6,"FLPSX,IVV,MACSX,QQQ,SWPPX,SWSSX,TGINX,VBIRX,YACKX",9,0.1148997179942665,0.7646676494729997,0.1285312347021587,0.776147433416076
3053,3402,0.6,"EFA,IJT,IVV,QQQ,SLYV,SWPPX,TGINX,VBIRX,YACKX",9,0.1148997179942665,0.7646676494729997,0.1160134702361055,0.7455576436048522
1545,490,0.6,"FEMKX,JUEAX,MACSX,TGINX,VGENX,VTI",6,0.1049175113473546,0.7643849786817417,0.115909578435463,0.735436835685533
173,639,0.625,"EWU,JUEAX,MDY,VBIRX,YACKX",5,0.1330064629101534,0.7641106529267849,0.146145028695356,0.8518785422826103
173,4411,0.6,"EWU,JUEAX,MDY,VBIRX,VFIAX,YACKX",6,0.1330064629101534,0.7641106529267849,0.1417602315578398,0.796516672197227
2253,58,0.625,"EWU,FLPSX,IVV,VBIRX,YACKX",5,0.1234916770751779,0.7636014518538837,0.0989701337218495,0.7785310595287189
2253,3978,0.6,"EFA,FLPSX,IWM,VBIRX,VGENX,YACKX",6,0.1234916770751779,0.7636014518538837,0.1190975181375495,0.7638497827430613
3256,1275,0.6,"EFA,IVV,TGINX,VBIRX,VFIAX,YACKX",6,0.1071786250075315,0.7631740202707339,0.0930817049773318,0.7725362786996781
2710,965,0.6,"FLPSX,MACSX,QQQ,SLYV,VBIRX,YACKX",6,0.1226784643368724,0.7630349383376486,0.1150490615649592,0.8700897283878499
3844,3308,0.6666666666666666,"EWG,JUEAX,VFIAX,YACKX",4,0.144140345979757,0.7628965646486335,0.1097591693907866,0.8474792669773752
1502,1146,0.625,"FLPSX,SPY,SWPPX,VTI,YACKX",5,0.1408726654913862,0.7626914280024055,0.1135857128947584,0.9408707269928108
3764,1416,0.6666666666666666,"EWU,FLPSX,QQQ,VTI,VTRIX,VVIAX",6,0.1395146986589025,0.7623315519807954,0.1344287960970185,0.8085501199875763
4251,136,0.6,"EWU,IVV,SWPPX,VBIRX,VFIAX,YACKX",6,0.1018170147709044,0.762219037871622,0.1298834493570829,0.7594283837809792
2069,3575,0.625,"FLPSX,IVV,MASKX,VGENX,YACKX",5,0.1467065865631867,0.7620887682083379,0.1473598740613582,0.8106342370506706
2069,4635,0.625,"FLPSX,MASKX,MDY,VGENX,YACKX",5,0.1467065865631867,0.7620887682083379,0.1560206537832274,0.8251392563244364
4111,294,0.6,"EWG,JUEAX,SWSSX,VBIRX,VTI,YACKX",6,0.1292670505288723,0.7617764215113569,0.1109666213676921,0.7555476561847744
4111,192,0.6,"IJS,JUEAX,MDY,SWSSX,VBIRX,YACKX",6,0.1292670505288723,0.7617764215113569,0.1281916558568108,0.7705144445212649
573,2505,0.6,"MACSX,QQQ,VTRIX",3,0.1294651182298271,0.7613443203194821,0.0923669207479846,0.7998910370476923
573,2309,0.6,"MACSX,QQQ,VGSLX",3,0.1294651182298271,0.7613443203194821,0.1432940668111014,0.8238304265530125
48,150,0.6,"FEMKX,QQQ,YACKX",3,0.1394972142627911,0.7604342940445729,0.1297578777759042,0.9960944418913992
48,2526,0.6,"FEMKX,IVV,YACKX",3,0.1394972142627911,0.7604342940445729,0.139381060106661,0.8022229916745712
48,4526,0.6,"FEMKX,IVV,QQQ",3,0.1394972142627911,0.7604342940445729,0.1032908120722918,0.717818425943006
1202,4831,0.6666666666666666,"IJT,MACSX,SLYV,SWPPX,TGINX,VBIRX",6,0.092604081769055,0.7604161466272883,0.0814190605604135,0.7405924827458136
1202,3407,0.6666666666666666,"EWU,IVV,MACSX,SWPPX,TGINX,VBIRX",6,0.092604081769055,0.7604161466272883,0.1038165945685166,0.7479053736115849
2103,798,0.6,"EWG,EWW,MACSX,SWPPX,VGENX,YACKX",6,0.1346119187588319,0.759993414702973,0.1140643485967949,0.8189656740184145
4939,646,0.6,"FLPSX,SWPPX,YACKX",3,0.1380288268587896,0.7590413900928763,0.1513121377994879,0.870370537812844
4939,954,0.8,"EFA,FLPSX,SWPPX,YACKX",4,0.1380288268587896,0.7590413900928763,0.1404523550862319,0.7928545273038485
4865,175,0.6153846153846154,"FEMKX,IJS,IJT,IVV,MACSX,VBIRX,VGENX,YACKX",8,0.1245652532890267,0.7582905019890965,0.1406446425845383,0.8079874987351349
3067,1222,0.6,"JUEAX,SLYV,VFIAX",3,0.1464675905065089,0.757762284852602,0.1541953173861322,0.8179107509354842
2459,3997,0.6153846153846154,"FEMKX,FLPSX,MACSX,QQQ,SLYV,SWSSX,VGENX,YACKX",8,0.1389972747553406,0.7577021528994919,0.1511639289240815,0.8712178274420753
4171,965,0.625,"MACSX,QQQ,SLYV,VGENX,YACKX",5,0.139399463881171,0.7573056782327179,0.1150490615649592,0.8700897283878499
1391,1996,0.6,"VTI,VTSAX,YACKX",3,0.1415710233506093,0.7572851650434629,0.123084348716798,0.7651106017884185
4061,490,0.6363636363636364,"FEMKX,JUEAX,MACSX,SLYV,TGINX,VGENX,VTI",7,0.1187537246387059,0.7564095831622631,0.115909578435463,0.735436835685533
3496,2683,0.625,"IJT,MACSX,TGINX,VGENX,VGSLX",5,0.1196375788146159,0.7560891081687626,0.1054758597046375,0.6988550890634811
3942,2542,0.625,"EWG,MASKX,SPY,TGINX,VBIRX",5,0.1134515172709457,0.7554285299239769,0.0904630745628619,0.6950952786613538
3942,666,0.6,"EWG,MASKX,QQQ,SPY,TGINX,VBIRX",6,0.1134515172709457,0.7554285299239769,0.1055596901634907,0.7127759618422449
177,2949,0.6,"IWM,MDY,VBIRX,VGENX,VGSLX,YACKX",6,0.1130024406887546,0.7552391750334401,0.14964992745848,0.8404541455910503
943,1194,0.6,"FLPSX,SWSSX,VVIAX",3,0.1506682686902417,0.7534838396802594,0.1415574644910566,0.8902127324756486
4010,1113,0.6666666666666666,"FLPSX,IWM,MACSX,SLYV,TGINX,YACKX",6,0.1166201532458943,0.7533167863162633,0.1326241454681456,0.8708748490850945
4010,2373,0.6666666666666666,"FLPSX,IWM,SLYV,TGINX,VTI,YACKX",6,0.1166201532458943,0.7533167863162633,0.1288568344285161,0.7833435606061289
3447,3656,0.7142857142857143,"FEMKX,FLPSX,IJT,JUEAX,VBIRX",5,0.1250302440282389,0.752035167234128,0.1102704230492464,0.8045642536866816
3753,364,0.7142857142857143,"FLPSX,JUEAX,VBIRX,VTRIX,YACKX",5,0.1278874760690627,0.7514794493351871,0.1307952996507898,0.8492084423743822
3677,3887,0.6153846153846154,"EFA,IVV,MACSX,SPY,SWPPX,TGINX,VFIAX,VGSLX",8,0.1284840811902192,0.751385385980187,0.1006467511970373,0.7507088124883111
3677,3017,0.6428571428571429,"FLPSX,MACSX,MDY,SPY,SWPPX,TGINX,VGSLX,VTRIX,YACKX",9,0.1284840811902192,0.751385385980187,0.1164620870649905,0.7439498846787167
3101,4539,0.6666666666666666,"EFA,FEMKX,FLPSX,IVV,SWSSX,TGINX,VTI,YACKX",8,0.134661919384236,0.751145886181122,0.1317112039897088,0.8555255257266824
528,3326,0.7142857142857143,"MACSX,QQQ,SLYV,VBIRX,VVIAX",5,0.1137033645388106,0.7501525994806075,0.1190263604206358,0.746336247451511
2379,4459,0.7272727272727273,"EFA,EWU,FLPSX,MACSX,TGINX,VBIRX,VGSLX,VVIAX",8,0.0989864194439493,0.7499407051122887,0.1116676517872561,0.772596841794123
2379,1970,0.6,"EFA,FLPSX,IWM,MACSX,VGSLX,VVIAX",6,0.0989864194439493,0.7499407051122887,0.12567658181298,0.7623367085168972
1532,954,0.8,"EFA,FEMKX,FLPSX,SWPPX",4,0.1377662977983454,0.7496903879882624,0.1404523550862319,0.7928545273038485
2367,668,0.7272727272727273,"JUEAX,MACSX,MDY,SLYV,TGINX,VBIRX,VVIAX,YACKX",8,0.1146924023474315,0.7495569107112436,0.0988159414763144,0.8579974447995945
1018,1760,0.6,"JUEAX,QQQ,SWPPX,VTRIX,VVIAX,YACKX",6,0.148557728149019,0.749411425512905,0.1452783106317221,0.8273680247778342
4976,4594,0.6,"EFA,IJS,YACKX",3,0.1348969970901705,0.7491856367174308,0.1567423582126998,0.8480792844354539
4804,2971,0.6,"FLPSX,MDY,SPY,SWSSX,TGINX,VTRIX,VTSAX,VVIAX,YACKX",9,0.1300288383624631,0.7488448462511559,0.1220460097937599,0.7673223216739913
3044,3879,0.6,"FLPSX,MDY,TGINX",3,0.1453769302751639,0.7488368615669149,0.1147806434174091,0.8242007109584748
3044,4284,0.6,"FLPSX,JUEAX,MDY",3,0.1453769302751639,0.7488368615669149,0.1637942949743789,0.8612314021300967
3631,2914,0.6,"FLPSX,JUEAX,MASKX,QQQ,SWPPX,SWSSX,VTSAX,VVIAX,YACKX",9,0.1441994239231236,0.7487535715422571,0.1317435598311634,0.8175587829333849
4584,4701,0.625,"IVV,JUEAX,SWPPX,TGINX,VTRIX",5,0.1220984869031251,0.7486343015413536,0.1024087749068437,0.7342051678882676
4584,3111,0.6,"FLPSX,IJT,JUEAX,SWPPX,TGINX,VTRIX",6,0.1220984869031251,0.7486343015413536,0.1228106155485239,0.7471098465134429
1332,1051,0.6666666666666666,"IVV,MACSX,VVIAX,YACKX",4,0.1223314551005897,0.7479088138622568,0.1563095485142867,0.9074006287434464
3640,4526,0.8,"FEMKX,IVV,QQQ,TGINX",4,0.0716304983238085,0.747704785390093,0.1032908120722918,0.717818425943006
3983,2557,0.6,"VGENX,VTSAX,YACKX",3,0.148728408103119,0.7475416216678136,0.1653991347976083,0.9405081268024528
1448,3575,0.7,"FLPSX,IVV,MASKX,VFIAX,VGENX,VTRIX,YACKX",7,0.1228648128045897,0.7465608570419088,0.1473598740613582,0.8106342370506706
3661,58,0.625,"EWU,FLPSX,IVV,VBIRX,YACKX",5,0.136584195083448,0.7456145844347997,0.0989701337218495,0.7785310595287189
2429,345,0.8,"FLPSX,MACSX,SPY,VFIAX",4,0.129497569610759,0.7452043915277162,0.1214725483241813,0.8379101082801643
